-- MySQL dump 10.13  Distrib 8.0.42, for Linux (x86_64)
--
-- Host: localhost    Database: nutrition
-- ------------------------------------------------------
-- Server version	8.0.42

/*!40101 SET @OLD_CHARACTER_SET_CLIENT=@@CHARACTER_SET_CLIENT */;
/*!40101 SET @OLD_CHARACTER_SET_RESULTS=@@CHARACTER_SET_RESULTS */;
/*!40101 SET @OLD_COLLATION_CONNECTION=@@COLLATION_CONNECTION */;
/*!50503 SET NAMES utf8mb4 */;
/*!40103 SET @OLD_TIME_ZONE=@@TIME_ZONE */;
/*!40103 SET TIME_ZONE='+00:00' */;
/*!40014 SET @OLD_UNIQUE_CHECKS=@@UNIQUE_CHECKS, UNIQUE_CHECKS=0 */;
/*!40014 SET @OLD_FOREIGN_KEY_CHECKS=@@FOREIGN_KEY_CHECKS, FOREIGN_KEY_CHECKS=0 */;
/*!40101 SET @OLD_SQL_MODE=@@SQL_MODE, SQL_MODE='NO_AUTO_VALUE_ON_ZERO' */;
/*!40111 SET @OLD_SQL_NOTES=@@SQL_NOTES, SQL_NOTES=0 */;

--
-- Table structure for table `openai_response`
--

DROP TABLE IF EXISTS `openai_response`;
/*!40101 SET @saved_cs_client     = @@character_set_client */;
/*!50503 SET character_set_client = utf8mb4 */;
CREATE TABLE `openai_response` (
  `id` int unsigned NOT NULL AUTO_INCREMENT,
  `userPromptId` int unsigned NOT NULL,
  `response` json NOT NULL,
  `createdAt` datetime NOT NULL,
  `updatedAt` datetime NOT NULL,
  `userId` int unsigned NOT NULL,
  PRIMARY KEY (`id`),
  KEY `userPromptId` (`userPromptId`),
  KEY `userId` (`userId`),
  CONSTRAINT `openai_response_ibfk_29` FOREIGN KEY (`userPromptId`) REFERENCES `user_prompt` (`id`) ON DELETE CASCADE ON UPDATE CASCADE,
  CONSTRAINT `openai_response_ibfk_30` FOREIGN KEY (`userId`) REFERENCES `user` (`id`) ON DELETE CASCADE ON UPDATE CASCADE
) ENGINE=InnoDB AUTO_INCREMENT=14 DEFAULT CHARSET=utf8mb4 COLLATE=utf8mb4_0900_ai_ci;
/*!40101 SET character_set_client = @saved_cs_client */;

--
-- Dumping data for table `openai_response`
--

LOCK TABLES `openai_response` WRITE;
/*!40000 ALTER TABLE `openai_response` DISABLE KEYS */;
INSERT INTO `openai_response` VALUES (1,5,'{\"meta\": {\"model\": \"llama-3.3-70b-versatile\", \"generated_at\": \"2025-06-13T22:36:34.419Z\"}, \"units\": {\"macro\": {\"fat\": \"g\", \"carbs\": \"g\", \"energy\": \"kcal\", \"protein\": \"g\"}, \"portion\": \"g\"}, \"unit_system\": \"metric\", \"weekly_plan\": [{\"day\": \"Lunes\", \"meals\": [{\"food\": \"Avena con frutas y nueces\", \"meal\": \"Desayuno\", \"macro\": {\"fat\": 12, \"carbs\": 45, \"energy\": 420, \"protein\": 25}, \"portion\": 300}, {\"food\": \"Pechuga de pollo a la plancha con arroz integral y verduras\", \"meal\": \"Almuerzo\", \"macro\": {\"fat\": 15, \"carbs\": 50, \"energy\": 550, \"protein\": 40}, \"portion\": 400}, {\"food\": \"Salmón a la plancha con patatas asadas y brócoli\", \"meal\": \"Cena\", \"macro\": {\"fat\": 18, \"carbs\": 30, \"energy\": 480, \"protein\": 35}, \"portion\": 350}, {\"food\": \"Yogur griego con frutas y nueces\", \"meal\": \"Merienda 1\", \"macro\": {\"fat\": 8, \"carbs\": 25, \"energy\": 250, \"protein\": 20}, \"portion\": 200}, {\"food\": \"Batido de proteínas con leche de almendras y plátano\", \"meal\": \"Merienda 2\", \"macro\": {\"fat\": 10, \"carbs\": 30, \"energy\": 320, \"protein\": 30}, \"portion\": 250}]}, {\"day\": \"Martes\", \"meals\": [{\"food\": \"Huevos revueltos con espinacas y aguacate\", \"meal\": \"Desayuno\", \"macro\": {\"fat\": 15, \"carbs\": 10, \"energy\": 280, \"protein\": 20}, \"portion\": 250}, {\"food\": \"Tacos de pescado con lechuga y tomate\", \"meal\": \"Almuerzo\", \"macro\": {\"fat\": 18, \"carbs\": 25, \"energy\": 420, \"protein\": 30}, \"portion\": 350}, {\"food\": \"Pechuga de pollo al curry con arroz integral y zanahorias\", \"meal\": \"Cena\", \"macro\": {\"fat\": 20, \"carbs\": 40, \"energy\": 520, \"protein\": 35}, \"portion\": 400}, {\"food\": \"Manzana con almendras\", \"meal\": \"Merienda 1\", \"macro\": {\"fat\": 8, \"carbs\": 20, \"energy\": 160, \"protein\": 4}, \"portion\": 150}, {\"food\": \"Batido de proteínas con leche de soja y fresa\", \"meal\": \"Merienda 2\", \"macro\": {\"fat\": 10, \"carbs\": 25, \"energy\": 280, \"protein\": 25}, \"portion\": 200}]}, {\"day\": \"Miércoles\", \"meals\": [{\"food\": \"Avena con plátano y miel\", \"meal\": \"Desayuno\", \"macro\": {\"fat\": 10, \"carbs\": 45, \"energy\": 350, \"protein\": 10}, \"portion\": 300}, {\"food\": \"Salmón a la plancha con quinoa y brócoli\", \"meal\": \"Almuerzo\", \"macro\": {\"fat\": 20, \"carbs\": 30, \"energy\": 500, \"protein\": 35}, \"portion\": 400}, {\"food\": \"Pechuga de pollo a la plancha con patatas asadas y espinacas\", \"meal\": \"Cena\", \"macro\": {\"fat\": 15, \"carbs\": 25, \"energy\": 420, \"protein\": 30}, \"portion\": 350}, {\"food\": \"Yogur griego con frutas y granola\", \"meal\": \"Merienda 1\", \"macro\": {\"fat\": 10, \"carbs\": 30, \"energy\": 280, \"protein\": 20}, \"portion\": 250}, {\"food\": \"Batido de proteínas con leche de almendras y plátano\", \"meal\": \"Merienda 2\", \"macro\": {\"fat\": 10, \"carbs\": 25, \"energy\": 280, \"protein\": 25}, \"portion\": 200}]}, {\"day\": \"Jueves\", \"meals\": [{\"food\": \"Huevos revueltos con champiñones y espinacas\", \"meal\": \"Desayuno\", \"macro\": {\"fat\": 15, \"carbs\": 10, \"energy\": 280, \"protein\": 20}, \"portion\": 250}, {\"food\": \"Tacos de carne con lechuga y tomate\", \"meal\": \"Almuerzo\", \"macro\": {\"fat\": 20, \"carbs\": 30, \"energy\": 520, \"protein\": 35}, \"portion\": 400}, {\"food\": \"Pechuga de pollo al curry con arroz integral y zanahorias\", \"meal\": \"Cena\", \"macro\": {\"fat\": 20, \"carbs\": 40, \"energy\": 520, \"protein\": 35}, \"portion\": 400}, {\"food\": \"Manzana con almendras\", \"meal\": \"Merienda 1\", \"macro\": {\"fat\": 8, \"carbs\": 20, \"energy\": 160, \"protein\": 4}, \"portion\": 150}, {\"food\": \"Batido de proteínas con leche de soja y fresa\", \"meal\": \"Merienda 2\", \"macro\": {\"fat\": 10, \"carbs\": 25, \"energy\": 280, \"protein\": 25}, \"portion\": 200}]}, {\"day\": \"Viernes\", \"meals\": [{\"food\": \"Avena con plátano y miel\", \"meal\": \"Desayuno\", \"macro\": {\"fat\": 10, \"carbs\": 45, \"energy\": 350, \"protein\": 10}, \"portion\": 300}, {\"food\": \"Salmón a la plancha con quinoa y brócoli\", \"meal\": \"Almuerzo\", \"macro\": {\"fat\": 20, \"carbs\": 30, \"energy\": 500, \"protein\": 35}, \"portion\": 400}, {\"food\": \"Pechuga de pollo a la plancha con patatas asadas y espinacas\", \"meal\": \"Cena\", \"macro\": {\"fat\": 15, \"carbs\": 25, \"energy\": 420, \"protein\": 30}, \"portion\": 350}, {\"food\": \"Yogur griego con frutas y granola\", \"meal\": \"Merienda 1\", \"macro\": {\"fat\": 10, \"carbs\": 30, \"energy\": 280, \"protein\": 20}, \"portion\": 250}, {\"food\": \"Batido de proteínas con leche de almendras y plátano\", \"meal\": \"Merienda 2\", \"macro\": {\"fat\": 10, \"carbs\": 25, \"energy\": 280, \"protein\": 25}, \"portion\": 200}]}, {\"day\": \"Sábado\", \"meals\": [{\"food\": \"Huevos revueltos con champiñones y espinacas\", \"meal\": \"Desayuno\", \"macro\": {\"fat\": 15, \"carbs\": 10, \"energy\": 280, \"protein\": 20}, \"portion\": 250}, {\"food\": \"Tacos de carne con lechuga y tomate\", \"meal\": \"Almuerzo\", \"macro\": {\"fat\": 20, \"carbs\": 30, \"energy\": 520, \"protein\": 35}, \"portion\": 400}, {\"food\": \"Pechuga de pollo al curry con arroz integral y zanahorias\", \"meal\": \"Cena\", \"macro\": {\"fat\": 20, \"carbs\": 40, \"energy\": 520, \"protein\": 35}, \"portion\": 400}, {\"food\": \"Manzana con almendras\", \"meal\": \"Merienda 1\", \"macro\": {\"fat\": 8, \"carbs\": 20, \"energy\": 160, \"protein\": 4}, \"portion\": 150}, {\"food\": \"Batido de proteínas con leche de soja y fresa\", \"meal\": \"Merienda 2\", \"macro\": {\"fat\": 10, \"carbs\": 25, \"energy\": 280, \"protein\": 25}, \"portion\": 200}]}, {\"day\": \"Domingo\", \"meals\": [{\"food\": \"Avena con plátano y miel\", \"meal\": \"Desayuno\", \"macro\": {\"fat\": 10, \"carbs\": 45, \"energy\": 350, \"protein\": 10}, \"portion\": 300}, {\"food\": \"Salmón a la plancha con quinoa y brócoli\", \"meal\": \"Almuerzo\", \"macro\": {\"fat\": 20, \"carbs\": 30, \"energy\": 500, \"protein\": 35}, \"portion\": 400}, {\"food\": \"Pechuga de pollo a la plancha con patatas asadas y espinacas\", \"meal\": \"Cena\", \"macro\": {\"fat\": 15, \"carbs\": 25, \"energy\": 420, \"protein\": 30}, \"portion\": 350}, {\"food\": \"Yogur griego con frutas y granola\", \"meal\": \"Merienda 1\", \"macro\": {\"fat\": 10, \"carbs\": 30, \"energy\": 280, \"protein\": 20}, \"portion\": 250}, {\"food\": \"Batido de proteínas con leche de almendras y plátano\", \"meal\": \"Merienda 2\", \"macro\": {\"fat\": 10, \"carbs\": 25, \"energy\": 280, \"protein\": 25}, \"portion\": 200}]}], \"macro_ratios\": {\"fat\": 0.2, \"carbs\": 0.45, \"protein\": 0.35}, \"daily_calorie_target\": 2500}','2025-06-13 22:36:34','2025-06-13 22:36:34',1),(4,8,'{\"meta\": {\"model\": \"llama-3.3-70b-versatile\", \"generated_at\": \"2025-06-17T18:09:04.775Z\"}, \"units\": {\"macro\": {\"fat\": \"g\", \"carbs\": \"g\", \"energy\": \"kcal\", \"protein\": \"g\"}, \"portion\": \"g\"}, \"unit_system\": \"metric\", \"weekly_plan\": [{\"day\": \"Lunes\", \"meals\": [{\"food\": \"Avena con frutas y nueces\", \"meal\": \"Desayuno\", \"macro\": {\"fat\": 12, \"carbs\": 45, \"energy\": 420, \"protein\": 25}, \"portion\": 300}, {\"food\": \"Pollo a la parrilla con quinoa y vegetales\", \"meal\": \"Almuerzo\", \"macro\": {\"fat\": 15, \"carbs\": 60, \"energy\": 550, \"protein\": 40}, \"portion\": 400}, {\"food\": \"Salmón a la parrilla con patatas asadas y brócoli\", \"meal\": \"Cena\", \"macro\": {\"fat\": 18, \"carbs\": 50, \"energy\": 480, \"protein\": 35}, \"portion\": 350}, {\"food\": \"Yogur griego con frutas y granola\", \"meal\": \"Merienda 1\", \"macro\": {\"fat\": 10, \"carbs\": 30, \"energy\": 320, \"protein\": 20}, \"portion\": 200}, {\"food\": \"Batido de proteínas con leche de almendras y plátano\", \"meal\": \"Merienda 2\", \"macro\": {\"fat\": 12, \"carbs\": 35, \"energy\": 380, \"protein\": 25}, \"portion\": 250}]}, {\"day\": \"Martes\", \"meals\": [{\"food\": \"Huevos revueltos con espinacas y aguacate\", \"meal\": \"Desayuno\", \"macro\": {\"fat\": 15, \"carbs\": 20, \"energy\": 320, \"protein\": 22}, \"portion\": 250}, {\"food\": \"Tacos de pescado con ensalada de lechuga y tomate\", \"meal\": \"Almuerzo\", \"macro\": {\"fat\": 18, \"carbs\": 40, \"energy\": 450, \"protein\": 30}, \"portion\": 350}, {\"food\": \"Pollo al curry con arroz integral y zanahorias\", \"meal\": \"Cena\", \"macro\": {\"fat\": 20, \"carbs\": 60, \"energy\": 520, \"protein\": 35}, \"portion\": 400}, {\"food\": \"Manzana con mantequilla de maní\", \"meal\": \"Merienda 1\", \"macro\": {\"fat\": 16, \"carbs\": 20, \"energy\": 260, \"protein\": 8}, \"portion\": 150}, {\"food\": \"Proteínas en polvo con leche de soja y fresas\", \"meal\": \"Merienda 2\", \"macro\": {\"fat\": 10, \"carbs\": 30, \"energy\": 330, \"protein\": 25}, \"portion\": 200}]}, {\"day\": \"Miércoles\", \"meals\": [{\"food\": \"Tortilla de espinacas con pan integral y aguacate\", \"meal\": \"Desayuno\", \"macro\": {\"fat\": 18, \"carbs\": 40, \"energy\": 380, \"protein\": 20}, \"portion\": 300}, {\"food\": \"Ensalada de atún con lechuga, tomate y huevo\", \"meal\": \"Almuerzo\", \"macro\": {\"fat\": 20, \"carbs\": 20, \"energy\": 420, \"protein\": 35}, \"portion\": 350}, {\"food\": \"Cordero al horno con puré de calabaza y brócoli\", \"meal\": \"Cena\", \"macro\": {\"fat\": 25, \"carbs\": 50, \"energy\": 560, \"protein\": 30}, \"portion\": 400}, {\"food\": \"Yogur griego con miel y nueces\", \"meal\": \"Merienda 1\", \"macro\": {\"fat\": 15, \"carbs\": 35, \"energy\": 300, \"protein\": 15}, \"portion\": 200}, {\"food\": \"Batido de proteínas con leche de arroz y plátano\", \"meal\": \"Merienda 2\", \"macro\": {\"fat\": 12, \"carbs\": 40, \"energy\": 380, \"protein\": 25}, \"portion\": 250}]}, {\"day\": \"Jueves\", \"meals\": [{\"food\": \"Avena con frutas y nueces\", \"meal\": \"Desayuno\", \"macro\": {\"fat\": 12, \"carbs\": 45, \"energy\": 420, \"protein\": 20}, \"portion\": 300}, {\"food\": \"Pollo a la parrilla con quinoa y vegetales\", \"meal\": \"Almuerzo\", \"macro\": {\"fat\": 15, \"carbs\": 60, \"energy\": 550, \"protein\": 40}, \"portion\": 400}, {\"food\": \"Salmón a la parrilla con patatas asadas y brócoli\", \"meal\": \"Cena\", \"macro\": {\"fat\": 18, \"carbs\": 50, \"energy\": 480, \"protein\": 35}, \"portion\": 350}, {\"food\": \"Yogur griego con frutas y granola\", \"meal\": \"Merienda 1\", \"macro\": {\"fat\": 10, \"carbs\": 30, \"energy\": 320, \"protein\": 20}, \"portion\": 200}, {\"food\": \"Proteínas en polvo con leche de almendras y fresas\", \"meal\": \"Merienda 2\", \"macro\": {\"fat\": 12, \"carbs\": 35, \"energy\": 380, \"protein\": 25}, \"portion\": 250}]}, {\"day\": \"Viernes\", \"meals\": [{\"food\": \"Huevos revueltos con espinacas y aguacate\", \"meal\": \"Desayuno\", \"macro\": {\"fat\": 15, \"carbs\": 20, \"energy\": 320, \"protein\": 22}, \"portion\": 250}, {\"food\": \"Tacos de pescado con ensalada de lechuga y tomate\", \"meal\": \"Almuerzo\", \"macro\": {\"fat\": 18, \"carbs\": 40, \"energy\": 450, \"protein\": 30}, \"portion\": 350}, {\"food\": \"Pollo al curry con arroz integral y zanahorias\", \"meal\": \"Cena\", \"macro\": {\"fat\": 20, \"carbs\": 60, \"energy\": 520, \"protein\": 35}, \"portion\": 400}, {\"food\": \"Manzana con mantequilla de maní\", \"meal\": \"Merienda 1\", \"macro\": {\"fat\": 16, \"carbs\": 20, \"energy\": 260, \"protein\": 8}, \"portion\": 150}, {\"food\": \"Proteínas en polvo con leche de soja y fresas\", \"meal\": \"Merienda 2\", \"macro\": {\"fat\": 10, \"carbs\": 30, \"energy\": 330, \"protein\": 25}, \"portion\": 200}]}, {\"day\": \"Sábado\", \"meals\": [{\"food\": \"Tortilla de espinacas con pan integral y aguacate\", \"meal\": \"Desayuno\", \"macro\": {\"fat\": 18, \"carbs\": 40, \"energy\": 380, \"protein\": 20}, \"portion\": 300}, {\"food\": \"Ensalada de atún con lechuga, tomate y huevo\", \"meal\": \"Almuerzo\", \"macro\": {\"fat\": 20, \"carbs\": 20, \"energy\": 420, \"protein\": 35}, \"portion\": 350}, {\"food\": \"Cordero al horno con puré de calabaza y brócoli\", \"meal\": \"Cena\", \"macro\": {\"fat\": 25, \"carbs\": 50, \"energy\": 560, \"protein\": 30}, \"portion\": 400}, {\"food\": \"Yogur griego con miel y nueces\", \"meal\": \"Merienda 1\", \"macro\": {\"fat\": 15, \"carbs\": 35, \"energy\": 300, \"protein\": 15}, \"portion\": 200}, {\"food\": \"Batido de proteínas con leche de arroz y plátano\", \"meal\": \"Merienda 2\", \"macro\": {\"fat\": 12, \"carbs\": 40, \"energy\": 380, \"protein\": 25}, \"portion\": 250}]}, {\"day\": \"Domingo\", \"meals\": [{\"food\": \"Avena con frutas y nueces\", \"meal\": \"Desayuno\", \"macro\": {\"fat\": 12, \"carbs\": 45, \"energy\": 420, \"protein\": 20}, \"portion\": 300}, {\"food\": \"Pollo a la parrilla con quinoa y vegetales\", \"meal\": \"Almuerzo\", \"macro\": {\"fat\": 15, \"carbs\": 60, \"energy\": 550, \"protein\": 40}, \"portion\": 400}, {\"food\": \"Salmón a la parrilla con patatas asadas y brócoli\", \"meal\": \"Cena\", \"macro\": {\"fat\": 18, \"carbs\": 50, \"energy\": 480, \"protein\": 35}, \"portion\": 350}, {\"food\": \"Yogur griego con frutas y granola\", \"meal\": \"Merienda 1\", \"macro\": {\"fat\": 10, \"carbs\": 30, \"energy\": 320, \"protein\": 20}, \"portion\": 200}, {\"food\": \"Proteínas en polvo con leche de almendras y fresas\", \"meal\": \"Merienda 2\", \"macro\": {\"fat\": 12, \"carbs\": 35, \"energy\": 380, \"protein\": 25}, \"portion\": 250}]}], \"macro_ratios\": {\"fat\": 0.2, \"carbs\": 0.45, \"protein\": 0.35}, \"daily_calorie_target\": 2500}','2025-06-17 18:09:04','2025-06-17 18:09:04',1),(5,9,'{\"meta\": {\"model\": \"llama-3.3-70b-versatile\", \"generated_at\": \"2025-06-17T21:46:51.701Z\"}, \"units\": {\"macro\": {\"fat\": \"g\", \"carbs\": \"g\", \"energy\": \"kcal\", \"protein\": \"g\"}, \"portion\": \"g\"}, \"unit_system\": \"metric\", \"weekly_plan\": [{\"day\": \"Lunes\", \"meals\": [{\"food\": \"Avena con frutas y nueces\", \"meal\": \"Desayuno\", \"macro\": {\"fat\": 15, \"carbs\": 40, \"energy\": 420, \"protein\": 25}, \"portion\": 300}, {\"food\": \"Pechuga de pollo a la parrilla con quinoa y vegetales\", \"meal\": \"Almuerzo\", \"macro\": {\"fat\": 10, \"carbs\": 60, \"energy\": 520, \"protein\": 40}, \"portion\": 400}, {\"food\": \"Salmón a la parrilla con batata y brócoli\", \"meal\": \"Cena\", \"macro\": {\"fat\": 20, \"carbs\": 30, \"energy\": 450, \"protein\": 35}, \"portion\": 350}, {\"food\": \"Yogur griego con frutas y granola\", \"meal\": \"Merienda 1\", \"macro\": {\"fat\": 10, \"carbs\": 30, \"energy\": 250, \"protein\": 20}, \"portion\": 200}, {\"food\": \"Batido de proteínas con leche de almendras y plátano\", \"meal\": \"Merienda 2\", \"macro\": {\"fat\": 15, \"carbs\": 40, \"energy\": 320, \"protein\": 30}, \"portion\": 250}]}, {\"day\": \"Martes\", \"meals\": [{\"food\": \"Huevos revueltos con espinacas y aguacate\", \"meal\": \"Desayuno\", \"macro\": {\"fat\": 20, \"carbs\": 10, \"energy\": 300, \"protein\": 20}, \"portion\": 250}, {\"food\": \"Tacos de pescado con lechuga y tomate\", \"meal\": \"Almuerzo\", \"macro\": {\"fat\": 20, \"carbs\": 30, \"energy\": 420, \"protein\": 30}, \"portion\": 350}, {\"food\": \"Pollo al curry con arroz integral y zanahorias\", \"meal\": \"Cena\", \"macro\": {\"fat\": 20, \"carbs\": 60, \"energy\": 550, \"protein\": 35}, \"portion\": 400}, {\"food\": \"Manzana con mantequilla de maní\", \"meal\": \"Merienda 1\", \"macro\": {\"fat\": 16, \"carbs\": 20, \"energy\": 220, \"protein\": 8}, \"portion\": 150}, {\"food\": \"Proteínas en polvo con leche de coco y plátano\", \"meal\": \"Merienda 2\", \"macro\": {\"fat\": 15, \"carbs\": 30, \"energy\": 280, \"protein\": 25}, \"portion\": 200}]}, {\"day\": \"Miércoles\", \"meals\": [{\"food\": \"Avena con plátano y miel\", \"meal\": \"Desayuno\", \"macro\": {\"fat\": 15, \"carbs\": 50, \"energy\": 380, \"protein\": 10}, \"portion\": 300}, {\"food\": \"Pechuga de pollo a la parrilla con ensalada de quinoa\", \"meal\": \"Almuerzo\", \"macro\": {\"fat\": 10, \"carbs\": 30, \"energy\": 420, \"protein\": 40}, \"portion\": 350}, {\"food\": \"Salmón a la parrilla con puré de calabaza\", \"meal\": \"Cena\", \"macro\": {\"fat\": 20, \"carbs\": 30, \"energy\": 420, \"protein\": 35}, \"portion\": 300}, {\"food\": \"Yogur griego con frutas y granola\", \"meal\": \"Merienda 1\", \"macro\": {\"fat\": 10, \"carbs\": 30, \"energy\": 250, \"protein\": 20}, \"portion\": 200}, {\"food\": \"Batido de proteínas con leche de almendras y plátano\", \"meal\": \"Merienda 2\", \"macro\": {\"fat\": 15, \"carbs\": 40, \"energy\": 320, \"protein\": 30}, \"portion\": 250}]}, {\"day\": \"Jueves\", \"meals\": [{\"food\": \"Huevos revueltos con espinacas y aguacate\", \"meal\": \"Desayuno\", \"macro\": {\"fat\": 20, \"carbs\": 10, \"energy\": 300, \"protein\": 20}, \"portion\": 250}, {\"food\": \"Tacos de pescado con lechuga y tomate\", \"meal\": \"Almuerzo\", \"macro\": {\"fat\": 20, \"carbs\": 30, \"energy\": 420, \"protein\": 30}, \"portion\": 350}, {\"food\": \"Pollo al curry con arroz integral y zanahorias\", \"meal\": \"Cena\", \"macro\": {\"fat\": 20, \"carbs\": 60, \"energy\": 550, \"protein\": 35}, \"portion\": 400}, {\"food\": \"Manzana con mantequilla de maní\", \"meal\": \"Merienda 1\", \"macro\": {\"fat\": 16, \"carbs\": 20, \"energy\": 220, \"protein\": 8}, \"portion\": 150}, {\"food\": \"Proteínas en polvo con leche de coco y plátano\", \"meal\": \"Merienda 2\", \"macro\": {\"fat\": 15, \"carbs\": 30, \"energy\": 280, \"protein\": 25}, \"portion\": 200}]}, {\"day\": \"Viernes\", \"meals\": [{\"food\": \"Avena con plátano y miel\", \"meal\": \"Desayuno\", \"macro\": {\"fat\": 15, \"carbs\": 50, \"energy\": 380, \"protein\": 10}, \"portion\": 300}, {\"food\": \"Pechuga de pollo a la parrilla con ensalada de quinoa\", \"meal\": \"Almuerzo\", \"macro\": {\"fat\": 10, \"carbs\": 30, \"energy\": 420, \"protein\": 40}, \"portion\": 350}, {\"food\": \"Salmón a la parrilla con puré de calabaza\", \"meal\": \"Cena\", \"macro\": {\"fat\": 20, \"carbs\": 30, \"energy\": 420, \"protein\": 35}, \"portion\": 300}, {\"food\": \"Yogur griego con frutas y granola\", \"meal\": \"Merienda 1\", \"macro\": {\"fat\": 10, \"carbs\": 30, \"energy\": 250, \"protein\": 20}, \"portion\": 200}, {\"food\": \"Batido de proteínas con leche de almendras y plátano\", \"meal\": \"Merienda 2\", \"macro\": {\"fat\": 15, \"carbs\": 40, \"energy\": 320, \"protein\": 30}, \"portion\": 250}]}, {\"day\": \"Sábado\", \"meals\": [{\"food\": \"Huevos revueltos con espinacas y aguacate\", \"meal\": \"Desayuno\", \"macro\": {\"fat\": 20, \"carbs\": 10, \"energy\": 300, \"protein\": 20}, \"portion\": 250}, {\"food\": \"Tacos de pescado con lechuga y tomate\", \"meal\": \"Almuerzo\", \"macro\": {\"fat\": 20, \"carbs\": 30, \"energy\": 420, \"protein\": 30}, \"portion\": 350}, {\"food\": \"Pollo al curry con arroz integral y zanahorias\", \"meal\": \"Cena\", \"macro\": {\"fat\": 20, \"carbs\": 60, \"energy\": 550, \"protein\": 35}, \"portion\": 400}, {\"food\": \"Manzana con mantequilla de maní\", \"meal\": \"Merienda 1\", \"macro\": {\"fat\": 16, \"carbs\": 20, \"energy\": 220, \"protein\": 8}, \"portion\": 150}, {\"food\": \"Proteínas en polvo con leche de coco y plátano\", \"meal\": \"Merienda 2\", \"macro\": {\"fat\": 15, \"carbs\": 30, \"energy\": 280, \"protein\": 25}, \"portion\": 200}]}, {\"day\": \"Domingo\", \"meals\": [{\"food\": \"Avena con plátano y miel\", \"meal\": \"Desayuno\", \"macro\": {\"fat\": 15, \"carbs\": 50, \"energy\": 380, \"protein\": 10}, \"portion\": 300}, {\"food\": \"Pechuga de pollo a la parrilla con ensalada de quinoa\", \"meal\": \"Almuerzo\", \"macro\": {\"fat\": 10, \"carbs\": 30, \"energy\": 420, \"protein\": 40}, \"portion\": 350}, {\"food\": \"Salmón a la parrilla con puré de calabaza\", \"meal\": \"Cena\", \"macro\": {\"fat\": 20, \"carbs\": 30, \"energy\": 420, \"protein\": 35}, \"portion\": 300}, {\"food\": \"Yogur griego con frutas y granola\", \"meal\": \"Merienda 1\", \"macro\": {\"fat\": 10, \"carbs\": 30, \"energy\": 250, \"protein\": 20}, \"portion\": 200}, {\"food\": \"Batido de proteínas con leche de almendras y plátano\", \"meal\": \"Merienda 2\", \"macro\": {\"fat\": 15, \"carbs\": 40, \"energy\": 320, \"protein\": 30}, \"portion\": 250}]}], \"macro_ratios\": {\"fat\": 0.2, \"carbs\": 0.45, \"protein\": 0.35}, \"daily_calorie_target\": 2500}','2025-06-17 21:46:51','2025-06-17 21:46:51',1),(6,10,'{\"meta\": {\"model\": \"llama-3.3-70b-versatile\", \"generated_at\": \"2025-06-17T21:51:43.100Z\"}, \"units\": {\"macro\": {\"fat\": \"g\", \"carbs\": \"g\", \"energy\": \"kcal\", \"protein\": \"g\"}, \"portion\": \"g\"}, \"unit_system\": \"metric\", \"weekly_plan\": [{\"day\": \"Lunes\", \"meals\": [{\"food\": \"Avena con frutas y nueces\", \"meal\": \"Desayuno\", \"macro\": {\"fat\": 15, \"carbs\": 40, \"energy\": 420, \"protein\": 25}, \"portion\": 300}, {\"food\": \"Pollo a la plancha con quinoa y verduras\", \"meal\": \"Almuerzo\", \"macro\": {\"fat\": 20, \"carbs\": 60, \"energy\": 560, \"protein\": 40}, \"portion\": 400}, {\"food\": \"Salmón a la plancha con patatas y brócoli\", \"meal\": \"Cena\", \"macro\": {\"fat\": 25, \"carbs\": 50, \"energy\": 520, \"protein\": 35}, \"portion\": 350}, {\"food\": \"Yogur griego con frutas y granola\", \"meal\": \"Merienda\", \"macro\": {\"fat\": 10, \"carbs\": 30, \"energy\": 320, \"protein\": 20}, \"portion\": 200}, {\"food\": \"Batido de proteínas con leche de almendras y plátano\", \"meal\": \"Merienda\", \"macro\": {\"fat\": 15, \"carbs\": 40, \"energy\": 380, \"protein\": 30}, \"portion\": 250}]}, {\"day\": \"Martes\", \"meals\": [{\"food\": \"Huevos revueltos con espinacas y aguacate\", \"meal\": \"Desayuno\", \"macro\": {\"fat\": 20, \"carbs\": 20, \"energy\": 360, \"protein\": 25}, \"portion\": 250}, {\"food\": \"Tacos de pescado con ensalada de lechuga y tomate\", \"meal\": \"Almuerzo\", \"macro\": {\"fat\": 25, \"carbs\": 40, \"energy\": 520, \"protein\": 35}, \"portion\": 350}, {\"food\": \"Pollo al curry con arroz integral y zanahorias\", \"meal\": \"Cena\", \"macro\": {\"fat\": 30, \"carbs\": 60, \"energy\": 640, \"protein\": 40}, \"portion\": 400}, {\"food\": \"Manzana con mantequilla de maní\", \"meal\": \"Merienda\", \"macro\": {\"fat\": 16, \"carbs\": 20, \"energy\": 240, \"protein\": 8}, \"portion\": 150}, {\"food\": \"Batido de proteínas con leche de soja y fresa\", \"meal\": \"Merienda\", \"macro\": {\"fat\": 10, \"carbs\": 30, \"energy\": 320, \"protein\": 25}, \"portion\": 200}]}, {\"day\": \"Miércoles\", \"meals\": [{\"food\": \"Tortilla de espinacas con aguacate y tomate\", \"meal\": \"Desayuno\", \"macro\": {\"fat\": 20, \"carbs\": 20, \"energy\": 360, \"protein\": 20}, \"portion\": 250}, {\"food\": \"Salmón a la plancha con quinoa y brócoli\", \"meal\": \"Almuerzo\", \"macro\": {\"fat\": 30, \"carbs\": 60, \"energy\": 640, \"protein\": 40}, \"portion\": 400}, {\"food\": \"Pollo al horno con patatas y zanahorias\", \"meal\": \"Cena\", \"macro\": {\"fat\": 30, \"carbs\": 60, \"energy\": 640, \"protein\": 40}, \"portion\": 400}, {\"food\": \"Yogur griego con miel y nueces\", \"meal\": \"Merienda\", \"macro\": {\"fat\": 15, \"carbs\": 30, \"energy\": 320, \"protein\": 20}, \"portion\": 200}, {\"food\": \"Batido de proteínas con leche de almendras y plátano\", \"meal\": \"Merienda\", \"macro\": {\"fat\": 15, \"carbs\": 40, \"energy\": 380, \"protein\": 30}, \"portion\": 250}]}, {\"day\": \"Jueves\", \"meals\": [{\"food\": \"Avena con frutas y nueces\", \"meal\": \"Desayuno\", \"macro\": {\"fat\": 15, \"carbs\": 40, \"energy\": 420, \"protein\": 25}, \"portion\": 300}, {\"food\": \"Tacos de pollo con ensalada de lechuga y tomate\", \"meal\": \"Almuerzo\", \"macro\": {\"fat\": 25, \"carbs\": 40, \"energy\": 520, \"protein\": 35}, \"portion\": 350}, {\"food\": \"Salmón a la plancha con arroz integral y brócoli\", \"meal\": \"Cena\", \"macro\": {\"fat\": 30, \"carbs\": 60, \"energy\": 640, \"protein\": 40}, \"portion\": 400}, {\"food\": \"Manzana con mantequilla de maní\", \"meal\": \"Merienda\", \"macro\": {\"fat\": 16, \"carbs\": 20, \"energy\": 240, \"protein\": 8}, \"portion\": 150}, {\"food\": \"Batido de proteínas con leche de soja y fresa\", \"meal\": \"Merienda\", \"macro\": {\"fat\": 10, \"carbs\": 30, \"energy\": 320, \"protein\": 25}, \"portion\": 200}]}, {\"day\": \"Viernes\", \"meals\": [{\"food\": \"Huevos revueltos con espinacas y aguacate\", \"meal\": \"Desayuno\", \"macro\": {\"fat\": 20, \"carbs\": 20, \"energy\": 360, \"protein\": 25}, \"portion\": 250}, {\"food\": \"Pollo a la plancha con quinoa y verduras\", \"meal\": \"Almuerzo\", \"macro\": {\"fat\": 20, \"carbs\": 60, \"energy\": 560, \"protein\": 40}, \"portion\": 400}, {\"food\": \"Pollo al curry con arroz integral y zanahorias\", \"meal\": \"Cena\", \"macro\": {\"fat\": 30, \"carbs\": 60, \"energy\": 640, \"protein\": 40}, \"portion\": 400}, {\"food\": \"Yogur griego con frutas y granola\", \"meal\": \"Merienda\", \"macro\": {\"fat\": 10, \"carbs\": 30, \"energy\": 320, \"protein\": 20}, \"portion\": 200}, {\"food\": \"Batido de proteínas con leche de almendras y plátano\", \"meal\": \"Merienda\", \"macro\": {\"fat\": 15, \"carbs\": 40, \"energy\": 380, \"protein\": 30}, \"portion\": 250}]}, {\"day\": \"Sábado\", \"meals\": [{\"food\": \"Tortilla de espinacas con aguacate y tomate\", \"meal\": \"Desayuno\", \"macro\": {\"fat\": 20, \"carbs\": 20, \"energy\": 360, \"protein\": 20}, \"portion\": 250}, {\"food\": \"Salmón a la plancha con patatas y brócoli\", \"meal\": \"Almuerzo\", \"macro\": {\"fat\": 25, \"carbs\": 50, \"energy\": 520, \"protein\": 35}, \"portion\": 350}, {\"food\": \"Pollo al horno con patatas y zanahorias\", \"meal\": \"Cena\", \"macro\": {\"fat\": 30, \"carbs\": 60, \"energy\": 640, \"protein\": 40}, \"portion\": 400}, {\"food\": \"Manzana con mantequilla de maní\", \"meal\": \"Merienda\", \"macro\": {\"fat\": 16, \"carbs\": 20, \"energy\": 240, \"protein\": 8}, \"portion\": 150}, {\"food\": \"Batido de proteínas con leche de soja y fresa\", \"meal\": \"Merienda\", \"macro\": {\"fat\": 10, \"carbs\": 30, \"energy\": 320, \"protein\": 25}, \"portion\": 200}]}, {\"day\": \"Domingo\", \"meals\": [{\"food\": \"Avena con frutas y nueces\", \"meal\": \"Desayuno\", \"macro\": {\"fat\": 15, \"carbs\": 40, \"energy\": 420, \"protein\": 25}, \"portion\": 300}, {\"food\": \"Tacos de pollo con ensalada de lechuga y tomate\", \"meal\": \"Almuerzo\", \"macro\": {\"fat\": 25, \"carbs\": 40, \"energy\": 520, \"protein\": 35}, \"portion\": 350}, {\"food\": \"Salmón a la plancha con arroz integral y brócoli\", \"meal\": \"Cena\", \"macro\": {\"fat\": 30, \"carbs\": 60, \"energy\": 640, \"protein\": 40}, \"portion\": 400}, {\"food\": \"Yogur griego con frutas y granola\", \"meal\": \"Merienda\", \"macro\": {\"fat\": 10, \"carbs\": 30, \"energy\": 320, \"protein\": 20}, \"portion\": 200}, {\"food\": \"Batido de proteínas con leche de almendras y plátano\", \"meal\": \"Merienda\", \"macro\": {\"fat\": 15, \"carbs\": 40, \"energy\": 380, \"protein\": 30}, \"portion\": 250}]}], \"macro_ratios\": {\"fat\": 0.2, \"carbs\": 0.45, \"protein\": 0.35}, \"daily_calorie_target\": 2500}','2025-06-17 21:51:43','2025-06-17 21:51:43',1),(7,11,'{\"meta\": {\"model\": \"llama-3.3-70b-versatile\", \"generated_at\": \"2025-06-18T15:15:16.205Z\"}, \"units\": {\"macro\": {\"fat\": \"g\", \"carbs\": \"g\", \"energy\": \"kcal\", \"protein\": \"g\"}, \"portion\": \"g\"}, \"unit_system\": \"metric\", \"weekly_plan\": [{\"day\": \"Lunes\", \"meals\": [{\"food\": \"Avena con frutas y nueces\", \"meal\": \"Desayuno\", \"macro\": {\"fat\": 15, \"carbs\": 40, \"energy\": 420, \"protein\": 25}, \"portion\": 300}, {\"food\": \"Pollo a la parrilla con quinoa y verduras\", \"meal\": \"Almuerzo\", \"macro\": {\"fat\": 20, \"carbs\": 60, \"energy\": 560, \"protein\": 40}, \"portion\": 400}, {\"food\": \"Salmón a la parrilla con patatas y brócoli\", \"meal\": \"Cena\", \"macro\": {\"fat\": 25, \"carbs\": 50, \"energy\": 520, \"protein\": 35}, \"portion\": 350}, {\"food\": \"Batido de proteínas con plátano y almendras\", \"meal\": \"Merienda\", \"macro\": {\"fat\": 10, \"carbs\": 30, \"energy\": 320, \"protein\": 20}, \"portion\": 200}, {\"food\": \"Yogur griego con frutas y granola\", \"meal\": \"Merienda\", \"macro\": {\"fat\": 15, \"carbs\": 40, \"energy\": 380, \"protein\": 15}, \"portion\": 250}]}, {\"day\": \"Martes\", \"meals\": [{\"food\": \"Huevos revueltos con espinacas y aguacate\", \"meal\": \"Desayuno\", \"macro\": {\"fat\": 20, \"carbs\": 20, \"energy\": 360, \"protein\": 20}, \"portion\": 250}, {\"food\": \"Tacos de pescado con lechuga y tomate\", \"meal\": \"Almuerzo\", \"macro\": {\"fat\": 25, \"carbs\": 40, \"energy\": 500, \"protein\": 30}, \"portion\": 350}, {\"food\": \"Pollo al curry con arroz integral y zanahorias\", \"meal\": \"Cena\", \"macro\": {\"fat\": 25, \"carbs\": 60, \"energy\": 580, \"protein\": 35}, \"portion\": 400}, {\"food\": \"Manzana con mantequilla de maní\", \"meal\": \"Merienda\", \"macro\": {\"fat\": 16, \"carbs\": 20, \"energy\": 240, \"protein\": 4}, \"portion\": 150}, {\"food\": \"Proteínas en polvo con leche de almendras\", \"meal\": \"Merienda\", \"macro\": {\"fat\": 10, \"carbs\": 10, \"energy\": 280, \"protein\": 25}, \"portion\": 200}]}, {\"day\": \"Miércoles\", \"meals\": [{\"food\": \"Avena con plátano y miel\", \"meal\": \"Desayuno\", \"macro\": {\"fat\": 15, \"carbs\": 50, \"energy\": 380, \"protein\": 10}, \"portion\": 300}, {\"food\": \"Ensalada de pollo con aguacate y huevo\", \"meal\": \"Almuerzo\", \"macro\": {\"fat\": 30, \"carbs\": 20, \"energy\": 520, \"protein\": 35}, \"portion\": 350}, {\"food\": \"Salmón a la parrilla con ensalada de espinacas\", \"meal\": \"Cena\", \"macro\": {\"fat\": 25, \"carbs\": 10, \"energy\": 460, \"protein\": 35}, \"portion\": 300}, {\"food\": \"Yogur griego con miel y nueces\", \"meal\": \"Merienda\", \"macro\": {\"fat\": 15, \"carbs\": 30, \"energy\": 320, \"protein\": 15}, \"portion\": 200}, {\"food\": \"Batido de proteínas con frutas y leche de almendras\", \"meal\": \"Merienda\", \"macro\": {\"fat\": 15, \"carbs\": 40, \"energy\": 380, \"protein\": 20}, \"portion\": 250}]}, {\"day\": \"Jueves\", \"meals\": [{\"food\": \"Tortilla de espinacas con aguacate\", \"meal\": \"Desayuno\", \"macro\": {\"fat\": 20, \"carbs\": 20, \"energy\": 360, \"protein\": 20}, \"portion\": 250}, {\"food\": \"Pollo al curry con arroz integral y zanahorias\", \"meal\": \"Almuerzo\", \"macro\": {\"fat\": 25, \"carbs\": 60, \"energy\": 580, \"protein\": 35}, \"portion\": 400}, {\"food\": \"Tacos de pescado con lechuga y tomate\", \"meal\": \"Cena\", \"macro\": {\"fat\": 25, \"carbs\": 40, \"energy\": 500, \"protein\": 30}, \"portion\": 350}, {\"food\": \"Manzana con mantequilla de maní\", \"meal\": \"Merienda\", \"macro\": {\"fat\": 16, \"carbs\": 20, \"energy\": 240, \"protein\": 4}, \"portion\": 150}, {\"food\": \"Proteínas en polvo con leche de almendras\", \"meal\": \"Merienda\", \"macro\": {\"fat\": 10, \"carbs\": 10, \"energy\": 280, \"protein\": 25}, \"portion\": 200}]}, {\"day\": \"Viernes\", \"meals\": [{\"food\": \"Avena con plátano y miel\", \"meal\": \"Desayuno\", \"macro\": {\"fat\": 15, \"carbs\": 50, \"energy\": 380, \"protein\": 10}, \"portion\": 300}, {\"food\": \"Ensalada de pollo con aguacate y huevo\", \"meal\": \"Almuerzo\", \"macro\": {\"fat\": 30, \"carbs\": 20, \"energy\": 520, \"protein\": 35}, \"portion\": 350}, {\"food\": \"Salmón a la parrilla con ensalada de espinacas\", \"meal\": \"Cena\", \"macro\": {\"fat\": 25, \"carbs\": 10, \"energy\": 460, \"protein\": 35}, \"portion\": 300}, {\"food\": \"Yogur griego con miel y nueces\", \"meal\": \"Merienda\", \"macro\": {\"fat\": 15, \"carbs\": 30, \"energy\": 320, \"protein\": 15}, \"portion\": 200}, {\"food\": \"Batido de proteínas con frutas y leche de almendras\", \"meal\": \"Merienda\", \"macro\": {\"fat\": 15, \"carbs\": 40, \"energy\": 380, \"protein\": 20}, \"portion\": 250}]}, {\"day\": \"Sábado\", \"meals\": [{\"food\": \"Huevos revueltos con espinacas y aguacate\", \"meal\": \"Desayuno\", \"macro\": {\"fat\": 20, \"carbs\": 20, \"energy\": 360, \"protein\": 20}, \"portion\": 250}, {\"food\": \"Tacos de pescado con lechuga y tomate\", \"meal\": \"Almuerzo\", \"macro\": {\"fat\": 25, \"carbs\": 40, \"energy\": 500, \"protein\": 30}, \"portion\": 350}, {\"food\": \"Pollo al curry con arroz integral y zanahorias\", \"meal\": \"Cena\", \"macro\": {\"fat\": 25, \"carbs\": 60, \"energy\": 580, \"protein\": 35}, \"portion\": 400}, {\"food\": \"Manzana con mantequilla de maní\", \"meal\": \"Merienda\", \"macro\": {\"fat\": 16, \"carbs\": 20, \"energy\": 240, \"protein\": 4}, \"portion\": 150}, {\"food\": \"Proteínas en polvo con leche de almendras\", \"meal\": \"Merienda\", \"macro\": {\"fat\": 10, \"carbs\": 10, \"energy\": 280, \"protein\": 25}, \"portion\": 200}]}, {\"day\": \"Domingo\", \"meals\": [{\"food\": \"Avena con plátano y miel\", \"meal\": \"Desayuno\", \"macro\": {\"fat\": 15, \"carbs\": 50, \"energy\": 380, \"protein\": 10}, \"portion\": 300}, {\"food\": \"Ensalada de pollo con aguacate y huevo\", \"meal\": \"Almuerzo\", \"macro\": {\"fat\": 30, \"carbs\": 20, \"energy\": 520, \"protein\": 35}, \"portion\": 350}, {\"food\": \"Salmón a la parrilla con ensalada de espinacas\", \"meal\": \"Cena\", \"macro\": {\"fat\": 25, \"carbs\": 10, \"energy\": 460, \"protein\": 35}, \"portion\": 300}, {\"food\": \"Yogur griego con miel y nueces\", \"meal\": \"Merienda\", \"macro\": {\"fat\": 15, \"carbs\": 30, \"energy\": 320, \"protein\": 15}, \"portion\": 200}, {\"food\": \"Batido de proteínas con frutas y leche de almendras\", \"meal\": \"Merienda\", \"macro\": {\"fat\": 15, \"carbs\": 40, \"energy\": 380, \"protein\": 20}, \"portion\": 250}]}], \"macro_ratios\": {\"fat\": 0.2, \"carbs\": 0.45, \"protein\": 0.35}, \"daily_calorie_target\": 2500}','2025-06-18 15:15:16','2025-06-18 15:15:16',1),(8,12,'{\"meta\": {\"model\": \"llama-3.3-70b-versatile\", \"generated_at\": \"2025-06-18T15:25:48.779Z\"}, \"units\": {\"macro\": {\"fat\": \"g\", \"carbs\": \"g\", \"energy\": \"kcal\", \"protein\": \"g\"}, \"portion\": \"g\"}, \"language\": \"es\", \"unit_system\": \"metric\", \"weekly_plan\": [{\"day\": \"Lunes\", \"meals\": [{\"food\": \"Avena con frutas y nueces\", \"meal\": \"Desayuno\", \"macro\": {\"fat\": 15, \"carbs\": 40, \"energy\": 420, \"protein\": 25}, \"portion\": 300}, {\"food\": \"Pollo a la parrilla con quinoa y vegetales\", \"meal\": \"Almuerzo\", \"macro\": {\"fat\": 20, \"carbs\": 60, \"energy\": 560, \"protein\": 40}, \"portion\": 400}, {\"food\": \"Salmón a la parrilla con arroz integral y brócoli\", \"meal\": \"Cena\", \"macro\": {\"fat\": 25, \"carbs\": 50, \"energy\": 520, \"protein\": 35}, \"portion\": 350}, {\"food\": \"Yogur griego con frutas y nueces\", \"meal\": \"Merienda\", \"macro\": {\"fat\": 10, \"carbs\": 30, \"energy\": 320, \"protein\": 20}, \"portion\": 200}, {\"food\": \"Batido de proteínas con leche de almendras y plátano\", \"meal\": \"Merienda nocturna\", \"macro\": {\"fat\": 15, \"carbs\": 40, \"energy\": 380, \"protein\": 30}, \"portion\": 250}]}, {\"day\": \"Martes\", \"meals\": [{\"food\": \"Huevos revueltos con espinacas y aguacate\", \"meal\": \"Desayuno\", \"macro\": {\"fat\": 20, \"carbs\": 20, \"energy\": 360, \"protein\": 20}, \"portion\": 250}, {\"food\": \"Tacos de pescado con lechuga y tomate\", \"meal\": \"Almuerzo\", \"macro\": {\"fat\": 25, \"carbs\": 40, \"energy\": 480, \"protein\": 30}, \"portion\": 350}, {\"food\": \"Pollo al curry con arroz basmati y zanahorias\", \"meal\": \"Cena\", \"macro\": {\"fat\": 30, \"carbs\": 60, \"energy\": 600, \"protein\": 40}, \"portion\": 400}, {\"food\": \"Manzana con mantequilla de maní\", \"meal\": \"Merienda\", \"macro\": {\"fat\": 16, \"carbs\": 20, \"energy\": 240, \"protein\": 8}, \"portion\": 150}, {\"food\": \"Queso cottage con frutas\", \"meal\": \"Merienda nocturna\", \"macro\": {\"fat\": 10, \"carbs\": 10, \"energy\": 280, \"protein\": 25}, \"portion\": 200}]}, {\"day\": \"Miércoles\", \"meals\": [{\"food\": \"Tortilla de espinacas y aguacate\", \"meal\": \"Desayuno\", \"macro\": {\"fat\": 20, \"carbs\": 20, \"energy\": 360, \"protein\": 20}, \"portion\": 250}, {\"food\": \"Ensalada de pollo con aguacate y huevo\", \"meal\": \"Almuerzo\", \"macro\": {\"fat\": 30, \"carbs\": 20, \"energy\": 520, \"protein\": 40}, \"portion\": 350}, {\"food\": \"Salmón a la parrilla con quinoa y brócoli\", \"meal\": \"Cena\", \"macro\": {\"fat\": 35, \"carbs\": 60, \"energy\": 640, \"protein\": 45}, \"portion\": 400}, {\"food\": \"Yogur griego con miel y nueces\", \"meal\": \"Merienda\", \"macro\": {\"fat\": 15, \"carbs\": 30, \"energy\": 320, \"protein\": 20}, \"portion\": 200}, {\"food\": \"Batido de proteínas con leche de almendras y plátano\", \"meal\": \"Merienda nocturna\", \"macro\": {\"fat\": 15, \"carbs\": 40, \"energy\": 380, \"protein\": 30}, \"portion\": 250}]}, {\"day\": \"Jueves\", \"meals\": [{\"food\": \"Avena con frutas y nueces\", \"meal\": \"Desayuno\", \"macro\": {\"fat\": 15, \"carbs\": 40, \"energy\": 420, \"protein\": 20}, \"portion\": 300}, {\"food\": \"Pollo a la parrilla con arroz integral y vegetales\", \"meal\": \"Almuerzo\", \"macro\": {\"fat\": 25, \"carbs\": 60, \"energy\": 560, \"protein\": 40}, \"portion\": 400}, {\"food\": \"Tacos de pescado con lechuga y tomate\", \"meal\": \"Cena\", \"macro\": {\"fat\": 25, \"carbs\": 40, \"energy\": 480, \"protein\": 30}, \"portion\": 350}, {\"food\": \"Manzana con mantequilla de maní\", \"meal\": \"Merienda\", \"macro\": {\"fat\": 16, \"carbs\": 20, \"energy\": 240, \"protein\": 8}, \"portion\": 150}, {\"food\": \"Queso cottage con frutas\", \"meal\": \"Merienda nocturna\", \"macro\": {\"fat\": 10, \"carbs\": 10, \"energy\": 280, \"protein\": 25}, \"portion\": 200}]}, {\"day\": \"Viernes\", \"meals\": [{\"food\": \"Huevos revueltos con espinacas y aguacate\", \"meal\": \"Desayuno\", \"macro\": {\"fat\": 20, \"carbs\": 20, \"energy\": 360, \"protein\": 20}, \"portion\": 250}, {\"food\": \"Ensalada de pollo con aguacate y huevo\", \"meal\": \"Almuerzo\", \"macro\": {\"fat\": 30, \"carbs\": 20, \"energy\": 520, \"protein\": 40}, \"portion\": 350}, {\"food\": \"Salmón a la parrilla con quinoa y brócoli\", \"meal\": \"Cena\", \"macro\": {\"fat\": 35, \"carbs\": 60, \"energy\": 640, \"protein\": 45}, \"portion\": 400}, {\"food\": \"Yogur griego con miel y nueces\", \"meal\": \"Merienda\", \"macro\": {\"fat\": 15, \"carbs\": 30, \"energy\": 320, \"protein\": 20}, \"portion\": 200}, {\"food\": \"Batido de proteínas con leche de almendras y plátano\", \"meal\": \"Merienda nocturna\", \"macro\": {\"fat\": 15, \"carbs\": 40, \"energy\": 380, \"protein\": 30}, \"portion\": 250}]}, {\"day\": \"Sábado\", \"meals\": [{\"food\": \"Tortilla de espinacas y aguacate\", \"meal\": \"Desayuno\", \"macro\": {\"fat\": 20, \"carbs\": 20, \"energy\": 360, \"protein\": 20}, \"portion\": 250}, {\"food\": \"Pollo al curry con arroz basmati y zanahorias\", \"meal\": \"Almuerzo\", \"macro\": {\"fat\": 30, \"carbs\": 60, \"energy\": 600, \"protein\": 40}, \"portion\": 400}, {\"food\": \"Tacos de pescado con lechuga y tomate\", \"meal\": \"Cena\", \"macro\": {\"fat\": 25, \"carbs\": 40, \"energy\": 480, \"protein\": 30}, \"portion\": 350}, {\"food\": \"Manzana con mantequilla de maní\", \"meal\": \"Merienda\", \"macro\": {\"fat\": 16, \"carbs\": 20, \"energy\": 240, \"protein\": 8}, \"portion\": 150}, {\"food\": \"Queso cottage con frutas\", \"meal\": \"Merienda nocturna\", \"macro\": {\"fat\": 10, \"carbs\": 10, \"energy\": 280, \"protein\": 25}, \"portion\": 200}]}, {\"day\": \"Domingo\", \"meals\": [{\"food\": \"Avena con frutas y nueces\", \"meal\": \"Desayuno\", \"macro\": {\"fat\": 15, \"carbs\": 40, \"energy\": 420, \"protein\": 20}, \"portion\": 300}, {\"food\": \"Ensalada de pollo con aguacate y huevo\", \"meal\": \"Almuerzo\", \"macro\": {\"fat\": 30, \"carbs\": 20, \"energy\": 520, \"protein\": 40}, \"portion\": 350}, {\"food\": \"Salmón a la parrilla con quinoa y brócoli\", \"meal\": \"Cena\", \"macro\": {\"fat\": 35, \"carbs\": 60, \"energy\": 640, \"protein\": 45}, \"portion\": 400}, {\"food\": \"Yogur griego con miel y nueces\", \"meal\": \"Merienda\", \"macro\": {\"fat\": 15, \"carbs\": 30, \"energy\": 320, \"protein\": 20}, \"portion\": 200}, {\"food\": \"Batido de proteínas con leche de almendras y plátano\", \"meal\": \"Merienda nocturna\", \"macro\": {\"fat\": 15, \"carbs\": 40, \"energy\": 380, \"protein\": 30}, \"portion\": 250}]}], \"macro_ratios\": {\"fat\": 0.2, \"carbs\": 0.45, \"protein\": 0.35}, \"daily_calorie_target\": 2500}','2025-06-18 15:25:48','2025-06-18 15:25:48',1),(9,13,'{\"meta\": {\"model\": \"llama-3.3-70b-versatile\", \"generated_at\": \"2025-06-18T16:25:46.993Z\"}, \"units\": {\"macro\": {\"fat\": \"g\", \"carbs\": \"g\", \"energy\": \"kcal\", \"protein\": \"g\"}, \"portion\": \"g\"}, \"unit_system\": \"metric\", \"weekly_plan\": [{\"day\": \"Lunes\", \"meals\": [{\"food\": \"Avena con frutas y nueces\", \"meal\": \"Desayuno\", \"macro\": {\"fat\": 15, \"carbs\": 40, \"energy\": 420, \"protein\": 25}, \"portion\": 300}, {\"food\": \"Pollo a la parrilla con quinoa y vegetales\", \"meal\": \"Almuerzo\", \"macro\": {\"fat\": 20, \"carbs\": 30, \"energy\": 520, \"protein\": 40}, \"portion\": 400}, {\"food\": \"Salmón a la parrilla con patatas dulces y brócoli\", \"meal\": \"Cena\", \"macro\": {\"fat\": 25, \"carbs\": 25, \"energy\": 500, \"protein\": 35}, \"portion\": 350}, {\"food\": \"Yogur griego con frutas y nueces\", \"meal\": \"Merienda 1\", \"macro\": {\"fat\": 10, \"carbs\": 30, \"energy\": 300, \"protein\": 20}, \"portion\": 200}, {\"food\": \"Batido de proteínas con leche de almendras y plátano\", \"meal\": \"Merienda 2\", \"macro\": {\"fat\": 15, \"carbs\": 40, \"energy\": 380, \"protein\": 30}, \"portion\": 250}]}, {\"day\": \"Martes\", \"meals\": [{\"food\": \"Huevos revueltos con espinacas y aguacate\", \"meal\": \"Desayuno\", \"macro\": {\"fat\": 20, \"carbs\": 10, \"energy\": 320, \"protein\": 25}, \"portion\": 250}, {\"food\": \"Tacos de pescado con lechuga y tomate\", \"meal\": \"Almuerzo\", \"macro\": {\"fat\": 25, \"carbs\": 25, \"energy\": 500, \"protein\": 35}, \"portion\": 350}, {\"food\": \"Pollo al curry con arroz integral y zanahorias\", \"meal\": \"Cena\", \"macro\": {\"fat\": 20, \"carbs\": 40, \"energy\": 560, \"protein\": 40}, \"portion\": 400}, {\"food\": \"Palitos de zanahoria con hummus\", \"meal\": \"Merienda 1\", \"macro\": {\"fat\": 10, \"carbs\": 20, \"energy\": 180, \"protein\": 5}, \"portion\": 150}, {\"food\": \"Frutas frescas con almendras\", \"meal\": \"Merienda 2\", \"macro\": {\"fat\": 15, \"carbs\": 30, \"energy\": 280, \"protein\": 10}, \"portion\": 200}]}, {\"day\": \"Miércoles\", \"meals\": [{\"food\": \"Avena con plátano y miel\", \"meal\": \"Desayuno\", \"macro\": {\"fat\": 15, \"carbs\": 50, \"energy\": 380, \"protein\": 10}, \"portion\": 300}, {\"food\": \"Ensalada de pollo con aguacate y huevo\", \"meal\": \"Almuerzo\", \"macro\": {\"fat\": 30, \"carbs\": 10, \"energy\": 520, \"protein\": 40}, \"portion\": 400}, {\"food\": \"Salmón a la parrilla con quinoa y brócoli\", \"meal\": \"Cena\", \"macro\": {\"fat\": 25, \"carbs\": 25, \"energy\": 500, \"protein\": 35}, \"portion\": 350}, {\"food\": \"Yogur griego con miel y nueces\", \"meal\": \"Merienda 1\", \"macro\": {\"fat\": 10, \"carbs\": 30, \"energy\": 300, \"protein\": 20}, \"portion\": 200}, {\"food\": \"Batido de proteínas con leche de almendras y plátano\", \"meal\": \"Merienda 2\", \"macro\": {\"fat\": 15, \"carbs\": 40, \"energy\": 380, \"protein\": 30}, \"portion\": 250}]}, {\"day\": \"Jueves\", \"meals\": [{\"food\": \"Huevos revueltos con espinacas y aguacate\", \"meal\": \"Desayuno\", \"macro\": {\"fat\": 20, \"carbs\": 10, \"energy\": 320, \"protein\": 25}, \"portion\": 250}, {\"food\": \"Pollo al curry con arroz integral y zanahorias\", \"meal\": \"Almuerzo\", \"macro\": {\"fat\": 20, \"carbs\": 40, \"energy\": 560, \"protein\": 40}, \"portion\": 400}, {\"food\": \"Tacos de pescado con lechuga y tomate\", \"meal\": \"Cena\", \"macro\": {\"fat\": 25, \"carbs\": 25, \"energy\": 500, \"protein\": 35}, \"portion\": 350}, {\"food\": \"Palitos de zanahoria con hummus\", \"meal\": \"Merienda 1\", \"macro\": {\"fat\": 10, \"carbs\": 20, \"energy\": 180, \"protein\": 5}, \"portion\": 150}, {\"food\": \"Frutas frescas con almendras\", \"meal\": \"Merienda 2\", \"macro\": {\"fat\": 15, \"carbs\": 30, \"energy\": 280, \"protein\": 10}, \"portion\": 200}]}, {\"day\": \"Viernes\", \"meals\": [{\"food\": \"Avena con plátano y miel\", \"meal\": \"Desayuno\", \"macro\": {\"fat\": 15, \"carbs\": 50, \"energy\": 380, \"protein\": 10}, \"portion\": 300}, {\"food\": \"Ensalada de pollo con aguacate y huevo\", \"meal\": \"Almuerzo\", \"macro\": {\"fat\": 30, \"carbs\": 10, \"energy\": 520, \"protein\": 40}, \"portion\": 400}, {\"food\": \"Salmón a la parrilla con quinoa y brócoli\", \"meal\": \"Cena\", \"macro\": {\"fat\": 25, \"carbs\": 25, \"energy\": 500, \"protein\": 35}, \"portion\": 350}, {\"food\": \"Yogur griego con miel y nueces\", \"meal\": \"Merienda 1\", \"macro\": {\"fat\": 10, \"carbs\": 30, \"energy\": 300, \"protein\": 20}, \"portion\": 200}, {\"food\": \"Batido de proteínas con leche de almendras y plátano\", \"meal\": \"Merienda 2\", \"macro\": {\"fat\": 15, \"carbs\": 40, \"energy\": 380, \"protein\": 30}, \"portion\": 250}]}, {\"day\": \"Sábado\", \"meals\": [{\"food\": \"Huevos revueltos con espinacas y aguacate\", \"meal\": \"Desayuno\", \"macro\": {\"fat\": 20, \"carbs\": 10, \"energy\": 320, \"protein\": 25}, \"portion\": 250}, {\"food\": \"Pollo al curry con arroz integral y zanahorias\", \"meal\": \"Almuerzo\", \"macro\": {\"fat\": 20, \"carbs\": 40, \"energy\": 560, \"protein\": 40}, \"portion\": 400}, {\"food\": \"Tacos de pescado con lechuga y tomate\", \"meal\": \"Cena\", \"macro\": {\"fat\": 25, \"carbs\": 25, \"energy\": 500, \"protein\": 35}, \"portion\": 350}, {\"food\": \"Palitos de zanahoria con hummus\", \"meal\": \"Merienda 1\", \"macro\": {\"fat\": 10, \"carbs\": 20, \"energy\": 180, \"protein\": 5}, \"portion\": 150}, {\"food\": \"Frutas frescas con almendras\", \"meal\": \"Merienda 2\", \"macro\": {\"fat\": 15, \"carbs\": 30, \"energy\": 280, \"protein\": 10}, \"portion\": 200}]}, {\"day\": \"Domingo\", \"meals\": [{\"food\": \"Avena con plátano y miel\", \"meal\": \"Desayuno\", \"macro\": {\"fat\": 15, \"carbs\": 50, \"energy\": 380, \"protein\": 10}, \"portion\": 300}, {\"food\": \"Ensalada de pollo con aguacate y huevo\", \"meal\": \"Almuerzo\", \"macro\": {\"fat\": 30, \"carbs\": 10, \"energy\": 520, \"protein\": 40}, \"portion\": 400}, {\"food\": \"Salmón a la parrilla con quinoa y brócoli\", \"meal\": \"Cena\", \"macro\": {\"fat\": 25, \"carbs\": 25, \"energy\": 500, \"protein\": 35}, \"portion\": 350}, {\"food\": \"Yogur griego con miel y nueces\", \"meal\": \"Merienda 1\", \"macro\": {\"fat\": 10, \"carbs\": 30, \"energy\": 300, \"protein\": 20}, \"portion\": 200}, {\"food\": \"Batido de proteínas con leche de almendras y plátano\", \"meal\": \"Merienda 2\", \"macro\": {\"fat\": 15, \"carbs\": 40, \"energy\": 380, \"protein\": 30}, \"portion\": 250}]}], \"macro_ratios\": {\"fat\": 0.2, \"carbs\": 0.45, \"protein\": 0.35}, \"daily_calorie_target\": 2500}','2025-06-18 16:25:46','2025-06-18 16:25:46',1),(10,14,'{\"meta\": {\"model\": \"llama-3.3-70b-versatile\", \"generated_at\": \"2025-06-18T16:27:14.742Z\"}, \"units\": {\"macro\": {\"fat\": \"g\", \"carbs\": \"g\", \"energy\": \"kcal\", \"protein\": \"g\"}, \"portion\": \"g\"}, \"unit_system\": \"metric\", \"weekly_plan\": [{\"day\": \"Lunes\", \"meals\": [{\"food\": \"Avena con frutas y nueces\", \"meal\": \"Desayuno\", \"macro\": {\"fat\": 12, \"carbs\": 45, \"energy\": 420, \"protein\": 25}, \"portion\": 300}, {\"food\": \"Pollo a la parrilla con arroz integral y verduras\", \"meal\": \"Almuerzo\", \"macro\": {\"fat\": 15, \"carbs\": 60, \"energy\": 550, \"protein\": 40}, \"portion\": 400}, {\"food\": \"Salmón a la parrilla con quinoa y brócoli\", \"meal\": \"Cena\", \"macro\": {\"fat\": 18, \"carbs\": 50, \"energy\": 500, \"protein\": 35}, \"portion\": 350}, {\"food\": \"Frutas y frutos secos\", \"meal\": \"Merienda 1\", \"macro\": {\"fat\": 8, \"carbs\": 30, \"energy\": 200, \"protein\": 5}, \"portion\": 150}, {\"food\": \"Batido de proteínas con leche de almendras y plátano\", \"meal\": \"Merienda 2\", \"macro\": {\"fat\": 10, \"carbs\": 40, \"energy\": 300, \"protein\": 20}, \"portion\": 200}]}, {\"day\": \"Martes\", \"meals\": [{\"food\": \"Huevos revueltos con espinacas y aguacate\", \"meal\": \"Desayuno\", \"macro\": {\"fat\": 15, \"carbs\": 10, \"energy\": 320, \"protein\": 20}, \"portion\": 250}, {\"food\": \"Tacos de pescado con lechuga y tomate\", \"meal\": \"Almuerzo\", \"macro\": {\"fat\": 20, \"carbs\": 40, \"energy\": 520, \"protein\": 30}, \"portion\": 350}, {\"food\": \"Pollo al curry con arroz integral y zanahorias\", \"meal\": \"Cena\", \"macro\": {\"fat\": 25, \"carbs\": 60, \"energy\": 620, \"protein\": 35}, \"portion\": 400}, {\"food\": \"Yogur griego con miel y nueces\", \"meal\": \"Merienda 1\", \"macro\": {\"fat\": 10, \"carbs\": 30, \"energy\": 280, \"protein\": 15}, \"portion\": 200}, {\"food\": \"Batido de proteínas con leche de soja y fresa\", \"meal\": \"Merienda 2\", \"macro\": {\"fat\": 12, \"carbs\": 40, \"energy\": 360, \"protein\": 25}, \"portion\": 250}]}, {\"day\": \"Miércoles\", \"meals\": [{\"food\": \"Avena con plátano y nueces\", \"meal\": \"Desayuno\", \"macro\": {\"fat\": 15, \"carbs\": 50, \"energy\": 380, \"protein\": 10}, \"portion\": 300}, {\"food\": \"Ensalada de pollo con aguacate y tomate\", \"meal\": \"Almuerzo\", \"macro\": {\"fat\": 25, \"carbs\": 20, \"energy\": 480, \"protein\": 35}, \"portion\": 350}, {\"food\": \"Salmón a la parrilla con quinoa y brócoli\", \"meal\": \"Cena\", \"macro\": {\"fat\": 18, \"carbs\": 50, \"energy\": 520, \"protein\": 35}, \"portion\": 350}, {\"food\": \"Frutas y queso fresco\", \"meal\": \"Merienda 1\", \"macro\": {\"fat\": 10, \"carbs\": 30, \"energy\": 220, \"protein\": 10}, \"portion\": 150}, {\"food\": \"Batido de proteínas con leche de almendras y plátano\", \"meal\": \"Merienda 2\", \"macro\": {\"fat\": 10, \"carbs\": 40, \"energy\": 300, \"protein\": 20}, \"portion\": 200}]}, {\"day\": \"Jueves\", \"meals\": [{\"food\": \"Huevos revueltos con espinacas y aguacate\", \"meal\": \"Desayuno\", \"macro\": {\"fat\": 15, \"carbs\": 10, \"energy\": 320, \"protein\": 20}, \"portion\": 250}, {\"food\": \"Pollo al curry con arroz integral y zanahorias\", \"meal\": \"Almuerzo\", \"macro\": {\"fat\": 25, \"carbs\": 60, \"energy\": 620, \"protein\": 35}, \"portion\": 400}, {\"food\": \"Tacos de pescado con lechuga y tomate\", \"meal\": \"Cena\", \"macro\": {\"fat\": 20, \"carbs\": 40, \"energy\": 520, \"protein\": 30}, \"portion\": 350}, {\"food\": \"Yogur griego con miel y nueces\", \"meal\": \"Merienda 1\", \"macro\": {\"fat\": 10, \"carbs\": 30, \"energy\": 280, \"protein\": 15}, \"portion\": 200}, {\"food\": \"Batido de proteínas con leche de soja y fresa\", \"meal\": \"Merienda 2\", \"macro\": {\"fat\": 12, \"carbs\": 40, \"energy\": 360, \"protein\": 25}, \"portion\": 250}]}, {\"day\": \"Viernes\", \"meals\": [{\"food\": \"Avena con plátano y nueces\", \"meal\": \"Desayuno\", \"macro\": {\"fat\": 15, \"carbs\": 50, \"energy\": 380, \"protein\": 10}, \"portion\": 300}, {\"food\": \"Ensalada de pollo con aguacate y tomate\", \"meal\": \"Almuerzo\", \"macro\": {\"fat\": 25, \"carbs\": 20, \"energy\": 480, \"protein\": 35}, \"portion\": 350}, {\"food\": \"Salmón a la parrilla con quinoa y brócoli\", \"meal\": \"Cena\", \"macro\": {\"fat\": 18, \"carbs\": 50, \"energy\": 520, \"protein\": 35}, \"portion\": 350}, {\"food\": \"Frutas y queso fresco\", \"meal\": \"Merienda 1\", \"macro\": {\"fat\": 10, \"carbs\": 30, \"energy\": 220, \"protein\": 10}, \"portion\": 150}, {\"food\": \"Batido de proteínas con leche de almendras y plátano\", \"meal\": \"Merienda 2\", \"macro\": {\"fat\": 10, \"carbs\": 40, \"energy\": 300, \"protein\": 20}, \"portion\": 200}]}, {\"day\": \"Sábado\", \"meals\": [{\"food\": \"Huevos revueltos con espinacas y aguacate\", \"meal\": \"Desayuno\", \"macro\": {\"fat\": 15, \"carbs\": 10, \"energy\": 320, \"protein\": 20}, \"portion\": 250}, {\"food\": \"Pollo al curry con arroz integral y zanahorias\", \"meal\": \"Almuerzo\", \"macro\": {\"fat\": 25, \"carbs\": 60, \"energy\": 620, \"protein\": 35}, \"portion\": 400}, {\"food\": \"Tacos de pescado con lechuga y tomate\", \"meal\": \"Cena\", \"macro\": {\"fat\": 20, \"carbs\": 40, \"energy\": 520, \"protein\": 30}, \"portion\": 350}, {\"food\": \"Yogur griego con miel y nueces\", \"meal\": \"Merienda 1\", \"macro\": {\"fat\": 10, \"carbs\": 30, \"energy\": 280, \"protein\": 15}, \"portion\": 200}, {\"food\": \"Batido de proteínas con leche de soja y fresa\", \"meal\": \"Merienda 2\", \"macro\": {\"fat\": 12, \"carbs\": 40, \"energy\": 360, \"protein\": 25}, \"portion\": 250}]}, {\"day\": \"Domingo\", \"meals\": [{\"food\": \"Avena con plátano y nueces\", \"meal\": \"Desayuno\", \"macro\": {\"fat\": 15, \"carbs\": 50, \"energy\": 380, \"protein\": 10}, \"portion\": 300}, {\"food\": \"Ensalada de pollo con aguacate y tomate\", \"meal\": \"Almuerzo\", \"macro\": {\"fat\": 25, \"carbs\": 20, \"energy\": 480, \"protein\": 35}, \"portion\": 350}, {\"food\": \"Salmón a la parrilla con quinoa y brócoli\", \"meal\": \"Cena\", \"macro\": {\"fat\": 18, \"carbs\": 50, \"energy\": 520, \"protein\": 35}, \"portion\": 350}, {\"food\": \"Frutas y queso fresco\", \"meal\": \"Merienda 1\", \"macro\": {\"fat\": 10, \"carbs\": 30, \"energy\": 220, \"protein\": 10}, \"portion\": 150}, {\"food\": \"Batido de proteínas con leche de almendras y plátano\", \"meal\": \"Merienda 2\", \"macro\": {\"fat\": 10, \"carbs\": 40, \"energy\": 300, \"protein\": 20}, \"portion\": 200}]}], \"macro_ratios\": {\"fat\": 0.2, \"carbs\": 0.45, \"protein\": 0.35}, \"daily_calorie_target\": 2500}','2025-06-18 16:27:14','2025-06-18 16:27:14',1),(11,15,'{\"meta\": {\"model\": \"llama-3.3-70b-versatile\", \"generated_at\": \"2025-06-18T16:29:09.711Z\"}, \"units\": {\"macro\": {\"fat\": \"g\", \"carbs\": \"g\", \"energy\": \"kcal\", \"protein\": \"g\"}, \"portion\": \"g\"}, \"unit_system\": \"metric\", \"weekly_plan\": [{\"day\": \"Lunes\", \"meals\": [{\"food\": \"Avena con frutas y nueces\", \"meal\": \"Desayuno\", \"macro\": {\"fat\": 15, \"carbs\": 45, \"energy\": 420, \"protein\": 25}, \"portion\": 300}, {\"food\": \"Pechuga de pollo a la plancha con arroz integral y verduras\", \"meal\": \"Almuerzo\", \"macro\": {\"fat\": 20, \"carbs\": 60, \"energy\": 560, \"protein\": 40}, \"portion\": 400}, {\"food\": \"Salmón a la plancha con quinoa y brócoli\", \"meal\": \"Cena\", \"macro\": {\"fat\": 25, \"carbs\": 50, \"energy\": 520, \"protein\": 35}, \"portion\": 350}, {\"food\": \"Frutas frescas con almendras\", \"meal\": \"Merienda\", \"macro\": {\"fat\": 15, \"carbs\": 30, \"energy\": 240, \"protein\": 10}, \"portion\": 200}, {\"food\": \"Proteína en polvo con leche de almendras\", \"meal\": \"Merienda nocturna\", \"macro\": {\"fat\": 10, \"carbs\": 20, \"energy\": 280, \"protein\": 30}, \"portion\": 250}]}, {\"day\": \"Martes\", \"meals\": [{\"food\": \"Huevos revueltos con espinacas y aguacate\", \"meal\": \"Desayuno\", \"macro\": {\"fat\": 22, \"carbs\": 20, \"energy\": 380, \"protein\": 28}, \"portion\": 320}, {\"food\": \"Tacos de pescado con lechuga y tomate\", \"meal\": \"Almuerzo\", \"macro\": {\"fat\": 25, \"carbs\": 40, \"energy\": 520, \"protein\": 38}, \"portion\": 380}, {\"food\": \"Pollo al curry con arroz basmati\", \"meal\": \"Cena\", \"macro\": {\"fat\": 20, \"carbs\": 55, \"energy\": 480, \"protein\": 32}, \"portion\": 360}, {\"food\": \"Yogur griego con miel y nueces\", \"meal\": \"Merienda\", \"macro\": {\"fat\": 15, \"carbs\": 35, \"energy\": 300, \"protein\": 20}, \"portion\": 220}, {\"food\": \"Batido de proteína con plátano y leche de almendras\", \"meal\": \"Merienda nocturna\", \"macro\": {\"fat\": 15, \"carbs\": 40, \"energy\": 360, \"protein\": 35}, \"portion\": 280}]}, {\"day\": \"Miércoles\", \"meals\": [{\"food\": \"Tortilla de espinacas con aguacate y tomate\", \"meal\": \"Desayuno\", \"macro\": {\"fat\": 20, \"carbs\": 30, \"energy\": 360, \"protein\": 25}, \"portion\": 300}, {\"food\": \"Pechuga de pollo a la plancha con ensalada de lechuga y tomate\", \"meal\": \"Almuerzo\", \"macro\": {\"fat\": 25, \"carbs\": 20, \"energy\": 500, \"protein\": 40}, \"portion\": 380}, {\"food\": \"Salmón a la plancha con quinoa y brócoli\", \"meal\": \"Cena\", \"macro\": {\"fat\": 25, \"carbs\": 50, \"energy\": 520, \"protein\": 35}, \"portion\": 350}, {\"food\": \"Frutas frescas con almendras\", \"meal\": \"Merienda\", \"macro\": {\"fat\": 15, \"carbs\": 30, \"energy\": 240, \"protein\": 10}, \"portion\": 200}, {\"food\": \"Proteína en polvo con leche de almendras\", \"meal\": \"Merienda nocturna\", \"macro\": {\"fat\": 10, \"carbs\": 20, \"energy\": 280, \"protein\": 30}, \"portion\": 250}]}, {\"day\": \"Jueves\", \"meals\": [{\"food\": \"Avena con frutas y nueces\", \"meal\": \"Desayuno\", \"macro\": {\"fat\": 15, \"carbs\": 45, \"energy\": 420, \"protein\": 20}, \"portion\": 300}, {\"food\": \"Tacos de pollo con lechuga y tomate\", \"meal\": \"Almuerzo\", \"macro\": {\"fat\": 25, \"carbs\": 40, \"energy\": 520, \"protein\": 38}, \"portion\": 380}, {\"food\": \"Pollo al curry con arroz basmati\", \"meal\": \"Cena\", \"macro\": {\"fat\": 20, \"carbs\": 55, \"energy\": 480, \"protein\": 32}, \"portion\": 360}, {\"food\": \"Yogur griego con miel y nueces\", \"meal\": \"Merienda\", \"macro\": {\"fat\": 15, \"carbs\": 35, \"energy\": 300, \"protein\": 20}, \"portion\": 220}, {\"food\": \"Batido de proteína con plátano y leche de almendras\", \"meal\": \"Merienda nocturna\", \"macro\": {\"fat\": 15, \"carbs\": 40, \"energy\": 360, \"protein\": 35}, \"portion\": 280}]}, {\"day\": \"Viernes\", \"meals\": [{\"food\": \"Huevos revueltos con espinacas y aguacate\", \"meal\": \"Desayuno\", \"macro\": {\"fat\": 22, \"carbs\": 20, \"energy\": 380, \"protein\": 28}, \"portion\": 320}, {\"food\": \"Pechuga de pollo a la plancha con ensalada de lechuga y tomate\", \"meal\": \"Almuerzo\", \"macro\": {\"fat\": 25, \"carbs\": 20, \"energy\": 500, \"protein\": 40}, \"portion\": 380}, {\"food\": \"Salmón a la plancha con quinoa y brócoli\", \"meal\": \"Cena\", \"macro\": {\"fat\": 25, \"carbs\": 50, \"energy\": 520, \"protein\": 35}, \"portion\": 350}, {\"food\": \"Frutas frescas con almendras\", \"meal\": \"Merienda\", \"macro\": {\"fat\": 15, \"carbs\": 30, \"energy\": 240, \"protein\": 10}, \"portion\": 200}, {\"food\": \"Proteína en polvo con leche de almendras\", \"meal\": \"Merienda nocturna\", \"macro\": {\"fat\": 10, \"carbs\": 20, \"energy\": 280, \"protein\": 30}, \"portion\": 250}]}, {\"day\": \"Sábado\", \"meals\": [{\"food\": \"Tortilla de espinacas con aguacate y tomate\", \"meal\": \"Desayuno\", \"macro\": {\"fat\": 20, \"carbs\": 30, \"energy\": 360, \"protein\": 25}, \"portion\": 300}, {\"food\": \"Tacos de pescado con lechuga y tomate\", \"meal\": \"Almuerzo\", \"macro\": {\"fat\": 25, \"carbs\": 40, \"energy\": 520, \"protein\": 38}, \"portion\": 380}, {\"food\": \"Pollo al curry con arroz basmati\", \"meal\": \"Cena\", \"macro\": {\"fat\": 20, \"carbs\": 55, \"energy\": 480, \"protein\": 32}, \"portion\": 360}, {\"food\": \"Yogur griego con miel y nueces\", \"meal\": \"Merienda\", \"macro\": {\"fat\": 15, \"carbs\": 35, \"energy\": 300, \"protein\": 20}, \"portion\": 220}, {\"food\": \"Batido de proteína con plátano y leche de almendras\", \"meal\": \"Merienda nocturna\", \"macro\": {\"fat\": 15, \"carbs\": 40, \"energy\": 360, \"protein\": 35}, \"portion\": 280}]}, {\"day\": \"Domingo\", \"meals\": [{\"food\": \"Avena con frutas y nueces\", \"meal\": \"Desayuno\", \"macro\": {\"fat\": 15, \"carbs\": 45, \"energy\": 420, \"protein\": 20}, \"portion\": 300}, {\"food\": \"Pechuga de pollo a la plancha con ensalada de lechuga y tomate\", \"meal\": \"Almuerzo\", \"macro\": {\"fat\": 25, \"carbs\": 20, \"energy\": 500, \"protein\": 40}, \"portion\": 380}, {\"food\": \"Salmón a la plancha con quinoa y brócoli\", \"meal\": \"Cena\", \"macro\": {\"fat\": 25, \"carbs\": 50, \"energy\": 520, \"protein\": 35}, \"portion\": 350}, {\"food\": \"Frutas frescas con almendras\", \"meal\": \"Merienda\", \"macro\": {\"fat\": 15, \"carbs\": 30, \"energy\": 240, \"protein\": 10}, \"portion\": 200}, {\"food\": \"Proteína en polvo con leche de almendras\", \"meal\": \"Merienda nocturna\", \"macro\": {\"fat\": 10, \"carbs\": 20, \"energy\": 280, \"protein\": 30}, \"portion\": 250}]}], \"macro_ratios\": {\"fat\": 0.2, \"carbs\": 0.45, \"protein\": 0.35}, \"daily_calorie_target\": 2500}','2025-06-18 16:29:09','2025-06-18 16:29:09',1),(12,16,'{\"meta\": {\"model\": \"llama-3.3-70b-versatile\", \"generated_at\": \"2025-06-18T20:52:53.696Z\"}, \"units\": {\"macro\": {\"fat\": \"g\", \"carbs\": \"g\", \"energy\": \"kcal\", \"protein\": \"g\"}, \"portion\": \"g\"}, \"unit_system\": \"metric\", \"weekly_plan\": [{\"day\": \"Lunes\", \"meals\": [{\"food\": \"Avena con frutas y nueces\", \"meal\": \"Desayuno\", \"macro\": {\"fat\": 15, \"carbs\": 60, \"energy\": 450, \"protein\": 30}, \"portion\": 300}, {\"food\": \"Pollo a la parrilla con arroz integral y vegetales\", \"meal\": \"Almuerzo\", \"macro\": {\"fat\": 20, \"carbs\": 70, \"energy\": 600, \"protein\": 50}, \"portion\": 400}, {\"food\": \"Salmón a la parrilla con quinoa y brócoli\", \"meal\": \"Cena\", \"macro\": {\"fat\": 25, \"carbs\": 60, \"energy\": 550, \"protein\": 40}, \"portion\": 350}, {\"food\": \"Frutas y almendras\", \"meal\": \"Merienda 1\", \"macro\": {\"fat\": 10, \"carbs\": 30, \"energy\": 200, \"protein\": 10}, \"portion\": 150}, {\"food\": \"Batido de proteínas con leche de almendras y plátano\", \"meal\": \"Merienda 2\", \"macro\": {\"fat\": 15, \"carbs\": 40, \"energy\": 350, \"protein\": 30}, \"portion\": 250}]}, {\"day\": \"Martes\", \"meals\": [{\"food\": \"Huevos revueltos con espinacas y aguacate\", \"meal\": \"Desayuno\", \"macro\": {\"fat\": 20, \"carbs\": 20, \"energy\": 350, \"protein\": 25}, \"portion\": 250}, {\"food\": \"Tacos de pescado con lechuga y tomate\", \"meal\": \"Almuerzo\", \"macro\": {\"fat\": 25, \"carbs\": 40, \"energy\": 500, \"protein\": 35}, \"portion\": 350}, {\"food\": \"Pollo al curry con arroz integral y vegetales\", \"meal\": \"Cena\", \"macro\": {\"fat\": 25, \"carbs\": 60, \"energy\": 600, \"protein\": 40}, \"portion\": 400}, {\"food\": \"Yogur griego con miel y nueces\", \"meal\": \"Merienda 1\", \"macro\": {\"fat\": 15, \"carbs\": 30, \"energy\": 300, \"protein\": 20}, \"portion\": 200}, {\"food\": \"Batido de proteínas con leche de soja y fresa\", \"meal\": \"Merienda 2\", \"macro\": {\"fat\": 15, \"carbs\": 40, \"energy\": 350, \"protein\": 30}, \"portion\": 250}]}, {\"day\": \"Miércoles\", \"meals\": [{\"food\": \"Avena con plátano y nueces\", \"meal\": \"Desayuno\", \"macro\": {\"fat\": 15, \"carbs\": 60, \"energy\": 450, \"protein\": 20}, \"portion\": 300}, {\"food\": \"Salmón a la parrilla con quinoa y brócoli\", \"meal\": \"Almuerzo\", \"macro\": {\"fat\": 25, \"carbs\": 60, \"energy\": 550, \"protein\": 40}, \"portion\": 350}, {\"food\": \"Pollo a la parrilla con arroz integral y vegetales\", \"meal\": \"Cena\", \"macro\": {\"fat\": 20, \"carbs\": 70, \"energy\": 600, \"protein\": 50}, \"portion\": 400}, {\"food\": \"Frutas y almendras\", \"meal\": \"Merienda 1\", \"macro\": {\"fat\": 10, \"carbs\": 30, \"energy\": 200, \"protein\": 10}, \"portion\": 150}, {\"food\": \"Batido de proteínas con leche de almendras y plátano\", \"meal\": \"Merienda 2\", \"macro\": {\"fat\": 15, \"carbs\": 40, \"energy\": 350, \"protein\": 30}, \"portion\": 250}]}, {\"day\": \"Jueves\", \"meals\": [{\"food\": \"Huevos revueltos con espinacas y aguacate\", \"meal\": \"Desayuno\", \"macro\": {\"fat\": 20, \"carbs\": 20, \"energy\": 350, \"protein\": 25}, \"portion\": 250}, {\"food\": \"Tacos de pescado con lechuga y tomate\", \"meal\": \"Almuerzo\", \"macro\": {\"fat\": 25, \"carbs\": 40, \"energy\": 500, \"protein\": 35}, \"portion\": 350}, {\"food\": \"Pollo al curry con arroz integral y vegetales\", \"meal\": \"Cena\", \"macro\": {\"fat\": 25, \"carbs\": 60, \"energy\": 600, \"protein\": 40}, \"portion\": 400}, {\"food\": \"Yogur griego con miel y nueces\", \"meal\": \"Merienda 1\", \"macro\": {\"fat\": 15, \"carbs\": 30, \"energy\": 300, \"protein\": 20}, \"portion\": 200}, {\"food\": \"Batido de proteínas con leche de soja y fresa\", \"meal\": \"Merienda 2\", \"macro\": {\"fat\": 15, \"carbs\": 40, \"energy\": 350, \"protein\": 30}, \"portion\": 250}]}, {\"day\": \"Viernes\", \"meals\": [{\"food\": \"Avena con plátano y nueces\", \"meal\": \"Desayuno\", \"macro\": {\"fat\": 15, \"carbs\": 60, \"energy\": 450, \"protein\": 20}, \"portion\": 300}, {\"food\": \"Salmón a la parrilla con quinoa y brócoli\", \"meal\": \"Almuerzo\", \"macro\": {\"fat\": 25, \"carbs\": 60, \"energy\": 550, \"protein\": 40}, \"portion\": 350}, {\"food\": \"Pollo a la parrilla con arroz integral y vegetales\", \"meal\": \"Cena\", \"macro\": {\"fat\": 20, \"carbs\": 70, \"energy\": 600, \"protein\": 50}, \"portion\": 400}, {\"food\": \"Frutas y almendras\", \"meal\": \"Merienda 1\", \"macro\": {\"fat\": 10, \"carbs\": 30, \"energy\": 200, \"protein\": 10}, \"portion\": 150}, {\"food\": \"Batido de proteínas con leche de almendras y plátano\", \"meal\": \"Merienda 2\", \"macro\": {\"fat\": 15, \"carbs\": 40, \"energy\": 350, \"protein\": 30}, \"portion\": 250}]}, {\"day\": \"Sábado\", \"meals\": [{\"food\": \"Huevos revueltos con espinacas y aguacate\", \"meal\": \"Desayuno\", \"macro\": {\"fat\": 20, \"carbs\": 20, \"energy\": 350, \"protein\": 25}, \"portion\": 250}, {\"food\": \"Tacos de pescado con lechuga y tomate\", \"meal\": \"Almuerzo\", \"macro\": {\"fat\": 25, \"carbs\": 40, \"energy\": 500, \"protein\": 35}, \"portion\": 350}, {\"food\": \"Pollo al curry con arroz integral y vegetales\", \"meal\": \"Cena\", \"macro\": {\"fat\": 25, \"carbs\": 60, \"energy\": 600, \"protein\": 40}, \"portion\": 400}, {\"food\": \"Yogur griego con miel y nueces\", \"meal\": \"Merienda 1\", \"macro\": {\"fat\": 15, \"carbs\": 30, \"energy\": 300, \"protein\": 20}, \"portion\": 200}, {\"food\": \"Batido de proteínas con leche de soja y fresa\", \"meal\": \"Merienda 2\", \"macro\": {\"fat\": 15, \"carbs\": 40, \"energy\": 350, \"protein\": 30}, \"portion\": 250}]}, {\"day\": \"Domingo\", \"meals\": [{\"food\": \"Avena con plátano y nueces\", \"meal\": \"Desayuno\", \"macro\": {\"fat\": 15, \"carbs\": 60, \"energy\": 450, \"protein\": 20}, \"portion\": 300}, {\"food\": \"Salmón a la parrilla con quinoa y brócoli\", \"meal\": \"Almuerzo\", \"macro\": {\"fat\": 25, \"carbs\": 60, \"energy\": 550, \"protein\": 40}, \"portion\": 350}, {\"food\": \"Pollo a la parrilla con arroz integral y vegetales\", \"meal\": \"Cena\", \"macro\": {\"fat\": 20, \"carbs\": 70, \"energy\": 600, \"protein\": 50}, \"portion\": 400}, {\"food\": \"Frutas y almendras\", \"meal\": \"Merienda 1\", \"macro\": {\"fat\": 10, \"carbs\": 30, \"energy\": 200, \"protein\": 10}, \"portion\": 150}, {\"food\": \"Batido de proteínas con leche de almendras y plátano\", \"meal\": \"Merienda 2\", \"macro\": {\"fat\": 15, \"carbs\": 40, \"energy\": 350, \"protein\": 30}, \"portion\": 250}]}], \"macro_ratios\": {\"fat\": 0.2, \"carbs\": 0.45, \"protein\": 0.35}, \"daily_calorie_target\": 2500}','2025-06-18 20:52:53','2025-06-18 20:52:53',1),(13,17,'{\"meta\": {\"model\": \"llama-3.3-70b-versatile\", \"generated_at\": \"2025-06-27T14:25:36.259Z\"}, \"units\": {\"macro\": {\"fat\": \"g\", \"carbs\": \"g\", \"energy\": \"kcal\", \"protein\": \"g\"}, \"portion\": \"g\"}, \"unit_system\": \"metric\", \"weekly_plan\": [{\"day\": \"Lunes\", \"meals\": [{\"food\": \"Avena con frutas y nueces\", \"meal\": \"Desayuno\", \"macro\": {\"fat\": 15, \"carbs\": 40, \"energy\": 420, \"protein\": 25}, \"portion\": 300}, {\"food\": \"Pollo a la parrilla con ensalada\", \"meal\": \"Almuerzo\", \"macro\": {\"fat\": 20, \"carbs\": 20, \"energy\": 520, \"protein\": 40}, \"portion\": 400}, {\"food\": \"Salmón al horno con quinoa y brócoli\", \"meal\": \"Cena\", \"macro\": {\"fat\": 25, \"carbs\": 30, \"energy\": 500, \"protein\": 35}, \"portion\": 350}, {\"food\": \"Frutas con almendras\", \"meal\": \"Merienda\", \"macro\": {\"fat\": 15, \"carbs\": 30, \"energy\": 250, \"protein\": 10}, \"portion\": 200}, {\"food\": \"Yogur griego con miel\", \"meal\": \"Merienda nocturna\", \"macro\": {\"fat\": 10, \"carbs\": 30, \"energy\": 220, \"protein\": 20}, \"portion\": 250}]}, {\"day\": \"Martes\", \"meals\": [{\"food\": \"Huevos revueltos con espinacas y aguacate\", \"meal\": \"Desayuno\", \"macro\": {\"fat\": 20, \"carbs\": 10, \"energy\": 320, \"protein\": 20}, \"portion\": 250}, {\"food\": \"Tacos de pollo con lechuga y tomate\", \"meal\": \"Almuerzo\", \"macro\": {\"fat\": 25, \"carbs\": 20, \"energy\": 500, \"protein\": 35}, \"portion\": 350}, {\"food\": \"Cerdo al curry con arroz integral y zanahorias\", \"meal\": \"Cena\", \"macro\": {\"fat\": 20, \"carbs\": 40, \"energy\": 550, \"protein\": 30}, \"portion\": 400}, {\"food\": \"Batido de proteínas con plátano y almendras\", \"meal\": \"Merienda\", \"macro\": {\"fat\": 15, \"carbs\": 30, \"energy\": 280, \"protein\": 25}, \"portion\": 250}, {\"food\": \"Queso cottage con frutas\", \"meal\": \"Merienda nocturna\", \"macro\": {\"fat\": 10, \"carbs\": 10, \"energy\": 200, \"protein\": 20}, \"portion\": 200}]}, {\"day\": \"Miércoles\", \"meals\": [{\"food\": \"Tortilla de espinacas con aguacate y tomate\", \"meal\": \"Desayuno\", \"macro\": {\"fat\": 20, \"carbs\": 10, \"energy\": 320, \"protein\": 20}, \"portion\": 250}, {\"food\": \"Ensalada de atún con lechuga, tomate y aguacate\", \"meal\": \"Almuerzo\", \"macro\": {\"fat\": 25, \"carbs\": 10, \"energy\": 450, \"protein\": 35}, \"portion\": 350}, {\"food\": \"Pollo al horno con puré de calabaza y brócoli\", \"meal\": \"Cena\", \"macro\": {\"fat\": 20, \"carbs\": 30, \"energy\": 520, \"protein\": 35}, \"portion\": 400}, {\"food\": \"Yogur griego con frutas y granola\", \"meal\": \"Merienda\", \"macro\": {\"fat\": 15, \"carbs\": 30, \"energy\": 280, \"protein\": 20}, \"portion\": 250}, {\"food\": \"Huevos duros con aguacate\", \"meal\": \"Merienda nocturna\", \"macro\": {\"fat\": 15, \"carbs\": 10, \"energy\": 220, \"protein\": 15}, \"portion\": 200}]}, {\"day\": \"Jueves\", \"meals\": [{\"food\": \"Avena con frutas y nueces\", \"meal\": \"Desayuno\", \"macro\": {\"fat\": 15, \"carbs\": 40, \"energy\": 420, \"protein\": 20}, \"portion\": 300}, {\"food\": \"Tacos de carne con lechuga, tomate y aguacate\", \"meal\": \"Almuerzo\", \"macro\": {\"fat\": 25, \"carbs\": 20, \"energy\": 520, \"protein\": 35}, \"portion\": 350}, {\"food\": \"Salmón al horno con quinoa y brócoli\", \"meal\": \"Cena\", \"macro\": {\"fat\": 25, \"carbs\": 30, \"energy\": 500, \"protein\": 35}, \"portion\": 350}, {\"food\": \"Frutas con almendras\", \"meal\": \"Merienda\", \"macro\": {\"fat\": 15, \"carbs\": 30, \"energy\": 250, \"protein\": 10}, \"portion\": 200}, {\"food\": \"Yogur griego con miel\", \"meal\": \"Merienda nocturna\", \"macro\": {\"fat\": 10, \"carbs\": 30, \"energy\": 220, \"protein\": 20}, \"portion\": 250}]}, {\"day\": \"Viernes\", \"meals\": [{\"food\": \"Huevos revueltos con espinacas y aguacate\", \"meal\": \"Desayuno\", \"macro\": {\"fat\": 20, \"carbs\": 10, \"energy\": 320, \"protein\": 20}, \"portion\": 250}, {\"food\": \"Pollo a la parrilla con ensalada\", \"meal\": \"Almuerzo\", \"macro\": {\"fat\": 20, \"carbs\": 20, \"energy\": 520, \"protein\": 40}, \"portion\": 400}, {\"food\": \"Cerdo al curry con arroz integral y zanahorias\", \"meal\": \"Cena\", \"macro\": {\"fat\": 20, \"carbs\": 40, \"energy\": 550, \"protein\": 30}, \"portion\": 400}, {\"food\": \"Batido de proteínas con plátano y almendras\", \"meal\": \"Merienda\", \"macro\": {\"fat\": 15, \"carbs\": 30, \"energy\": 280, \"protein\": 25}, \"portion\": 250}, {\"food\": \"Queso cottage con frutas\", \"meal\": \"Merienda nocturna\", \"macro\": {\"fat\": 10, \"carbs\": 10, \"energy\": 200, \"protein\": 20}, \"portion\": 200}]}, {\"day\": \"Sábado\", \"meals\": [{\"food\": \"Tortilla de espinacas con aguacate y tomate\", \"meal\": \"Desayuno\", \"macro\": {\"fat\": 20, \"carbs\": 10, \"energy\": 320, \"protein\": 20}, \"portion\": 250}, {\"food\": \"Ensalada de atún con lechuga, tomate y aguacate\", \"meal\": \"Almuerzo\", \"macro\": {\"fat\": 25, \"carbs\": 10, \"energy\": 450, \"protein\": 35}, \"portion\": 350}, {\"food\": \"Pollo al horno con puré de calabaza y brócoli\", \"meal\": \"Cena\", \"macro\": {\"fat\": 20, \"carbs\": 30, \"energy\": 520, \"protein\": 35}, \"portion\": 400}, {\"food\": \"Yogur griego con frutas y granola\", \"meal\": \"Merienda\", \"macro\": {\"fat\": 15, \"carbs\": 30, \"energy\": 280, \"protein\": 20}, \"portion\": 250}, {\"food\": \"Huevos duros con aguacate\", \"meal\": \"Merienda nocturna\", \"macro\": {\"fat\": 15, \"carbs\": 10, \"energy\": 220, \"protein\": 15}, \"portion\": 200}]}, {\"day\": \"Domingo\", \"meals\": [{\"food\": \"Avena con frutas y nueces\", \"meal\": \"Desayuno\", \"macro\": {\"fat\": 15, \"carbs\": 40, \"energy\": 420, \"protein\": 20}, \"portion\": 300}, {\"food\": \"Tacos de carne con lechuga, tomate y aguacate\", \"meal\": \"Almuerzo\", \"macro\": {\"fat\": 25, \"carbs\": 20, \"energy\": 520, \"protein\": 35}, \"portion\": 350}, {\"food\": \"Salmón al horno con quinoa y brócoli\", \"meal\": \"Cena\", \"macro\": {\"fat\": 25, \"carbs\": 30, \"energy\": 500, \"protein\": 35}, \"portion\": 350}, {\"food\": \"Frutas con almendras\", \"meal\": \"Merienda\", \"macro\": {\"fat\": 15, \"carbs\": 30, \"energy\": 250, \"protein\": 10}, \"portion\": 200}, {\"food\": \"Yogur griego con miel\", \"meal\": \"Merienda nocturna\", \"macro\": {\"fat\": 10, \"carbs\": 30, \"energy\": 220, \"protein\": 20}, \"portion\": 250}]}], \"macro_ratios\": {\"fat\": 0.25, \"carbs\": 0.4, \"protein\": 0.35}, \"daily_calorie_target\": 2500}','2025-06-27 14:25:36','2025-06-27 14:25:36',2);
/*!40000 ALTER TABLE `openai_response` ENABLE KEYS */;
UNLOCK TABLES;

--
-- Table structure for table `plan`
--

DROP TABLE IF EXISTS `plan`;
/*!40101 SET @saved_cs_client     = @@character_set_client */;
/*!50503 SET character_set_client = utf8mb4 */;
CREATE TABLE `plan` (
  `id` int unsigned NOT NULL AUTO_INCREMENT,
  `objective` varchar(255) NOT NULL,
  `restriction` varchar(255) DEFAULT NULL,
  `preference` varchar(255) DEFAULT NULL,
  `extras` text,
  `userId` int unsigned NOT NULL,
  `createdAt` datetime NOT NULL,
  `updatedAt` datetime NOT NULL,
  PRIMARY KEY (`id`),
  KEY `userId` (`userId`),
  CONSTRAINT `plan_ibfk_1` FOREIGN KEY (`userId`) REFERENCES `user` (`id`) ON DELETE CASCADE ON UPDATE CASCADE
) ENGINE=InnoDB AUTO_INCREMENT=5 DEFAULT CHARSET=utf8mb4 COLLATE=utf8mb4_0900_ai_ci;
/*!40101 SET character_set_client = @saved_cs_client */;

--
-- Dumping data for table `plan`
--

LOCK TABLES `plan` WRITE;
/*!40000 ALTER TABLE `plan` DISABLE KEYS */;
INSERT INTO `plan` VALUES (3,'gain-muscle','gluten-free','high-protein','Comer rico',1,'2025-06-13 16:09:37','2025-06-13 16:09:37'),(4,'lose-fat','gluten-free','high-protein','Deliciosa comida',2,'2025-06-27 14:25:21','2025-06-27 14:25:21');
/*!40000 ALTER TABLE `plan` ENABLE KEYS */;
UNLOCK TABLES;

--
-- Table structure for table `profile`
--

DROP TABLE IF EXISTS `profile`;
/*!40101 SET @saved_cs_client     = @@character_set_client */;
/*!50503 SET character_set_client = utf8mb4 */;
CREATE TABLE `profile` (
  `id` int unsigned NOT NULL AUTO_INCREMENT,
  `unitSystem` enum('metric','imperial') NOT NULL,
  `weight` float NOT NULL,
  `height` float NOT NULL,
  `age` int NOT NULL,
  `waist` float NOT NULL,
  `neck` float NOT NULL,
  `hip` float DEFAULT NULL,
  `userId` int unsigned NOT NULL,
  `createdAt` datetime NOT NULL,
  `updatedAt` datetime NOT NULL,
  PRIMARY KEY (`id`),
  KEY `userId` (`userId`),
  CONSTRAINT `profile_ibfk_1` FOREIGN KEY (`userId`) REFERENCES `user` (`id`) ON DELETE CASCADE ON UPDATE CASCADE
) ENGINE=InnoDB AUTO_INCREMENT=3 DEFAULT CHARSET=utf8mb4 COLLATE=utf8mb4_0900_ai_ci;
/*!40101 SET character_set_client = @saved_cs_client */;

--
-- Dumping data for table `profile`
--

LOCK TABLES `profile` WRITE;
/*!40000 ALTER TABLE `profile` DISABLE KEYS */;
INSERT INTO `profile` VALUES (1,'metric',50,40,25,60,40,NULL,1,'2025-06-13 16:09:15','2025-06-13 16:09:15'),(2,'metric',70,180,25,95,45,NULL,2,'2025-06-27 14:24:52','2025-06-27 14:24:52');
/*!40000 ALTER TABLE `profile` ENABLE KEYS */;
UNLOCK TABLES;

--
-- Table structure for table `user`
--

DROP TABLE IF EXISTS `user`;
/*!40101 SET @saved_cs_client     = @@character_set_client */;
/*!50503 SET character_set_client = utf8mb4 */;
CREATE TABLE `user` (
  `id` int unsigned NOT NULL AUTO_INCREMENT,
  `email` varchar(255) NOT NULL,
  `name` varchar(255) NOT NULL,
  `password` varchar(255) NOT NULL,
  `phone` varchar(255) NOT NULL,
  `birthDate` date NOT NULL,
  `gender` enum('male','female') NOT NULL,
  `statusId` int NOT NULL,
  `roleId` int NOT NULL,
  `createdAt` datetime NOT NULL,
  `updatedAt` datetime NOT NULL,
  PRIMARY KEY (`id`),
  UNIQUE KEY `email` (`email`),
  UNIQUE KEY `email_2` (`email`),
  UNIQUE KEY `email_3` (`email`),
  UNIQUE KEY `email_4` (`email`),
  UNIQUE KEY `email_5` (`email`),
  UNIQUE KEY `email_6` (`email`),
  UNIQUE KEY `email_7` (`email`),
  UNIQUE KEY `email_8` (`email`),
  UNIQUE KEY `email_9` (`email`),
  UNIQUE KEY `email_10` (`email`),
  UNIQUE KEY `email_11` (`email`),
  UNIQUE KEY `email_12` (`email`),
  UNIQUE KEY `email_13` (`email`),
  UNIQUE KEY `email_14` (`email`),
  UNIQUE KEY `email_15` (`email`),
  UNIQUE KEY `email_16` (`email`),
  UNIQUE KEY `email_17` (`email`),
  UNIQUE KEY `email_18` (`email`)
) ENGINE=InnoDB AUTO_INCREMENT=3 DEFAULT CHARSET=utf8mb4 COLLATE=utf8mb4_0900_ai_ci;
/*!40101 SET character_set_client = @saved_cs_client */;

--
-- Dumping data for table `user`
--

LOCK TABLES `user` WRITE;
/*!40000 ALTER TABLE `user` DISABLE KEYS */;
INSERT INTO `user` VALUES (1,'elefante@sonoro.com','Elefante Sonoro','$2b$10$smj2k/AKfLq1fd2/vvMUOuaqsWeGlbeqWk0Lqsa35q4HUTzY1DMJO','123456789','2000-05-15','male',1,2,'2025-06-13 16:09:00','2025-06-13 16:09:00'),(2,'john@doe.com','John Doe','$2b$10$n.5rO8v2vpcF29KtbInFouXl7cg0K/KDBS6j.Oqj7TCz3MP8BX.UG','4512321496','2000-05-05','male',1,2,'2025-06-27 14:24:14','2025-06-27 14:24:14');
/*!40000 ALTER TABLE `user` ENABLE KEYS */;
UNLOCK TABLES;

--
-- Table structure for table `userDailyIntake`
--

DROP TABLE IF EXISTS `userDailyIntake`;
/*!40101 SET @saved_cs_client     = @@character_set_client */;
/*!50503 SET character_set_client = utf8mb4 */;
CREATE TABLE `userDailyIntake` (
  `id` int unsigned NOT NULL AUTO_INCREMENT,
  `userDailyMealId` int unsigned NOT NULL,
  `consumedFood` varchar(255) NOT NULL,
  `consumedPortion` float NOT NULL,
  `consumedProtein` float NOT NULL,
  `consumedFat` float NOT NULL,
  `consumedCarbs` float NOT NULL,
  `consumedEnergy` float NOT NULL,
  `consumed` tinyint(1) NOT NULL,
  `createdAt` datetime NOT NULL,
  `updatedAt` datetime NOT NULL,
  `day` varchar(255) NOT NULL,
  `date` date NOT NULL,
  `meal` varchar(255) NOT NULL,
  PRIMARY KEY (`id`),
  KEY `userDailyMealId` (`userDailyMealId`),
  CONSTRAINT `userDailyIntake_ibfk_1` FOREIGN KEY (`userDailyMealId`) REFERENCES `userDailyMeal` (`id`) ON DELETE CASCADE ON UPDATE CASCADE
) ENGINE=InnoDB AUTO_INCREMENT=7 DEFAULT CHARSET=utf8mb4 COLLATE=utf8mb4_0900_ai_ci;
/*!40101 SET character_set_client = @saved_cs_client */;

--
-- Dumping data for table `userDailyIntake`
--

LOCK TABLES `userDailyIntake` WRITE;
/*!40000 ALTER TABLE `userDailyIntake` DISABLE KEYS */;
INSERT INTO `userDailyIntake` VALUES (1,2,'Rice cake 3',30,30,30,30,30,0,'2025-06-23 20:29:15','2025-07-01 18:23:45','Lunes','2025-06-23','Almuerzo'),(2,1,'Corn tortilla',50,2,1,40,90,1,'2025-06-23 20:56:47','2025-07-01 18:23:27','Lunes','2025-06-23','Desayuno'),(3,3,'Pollo a la parrilla con ensalada',300,30,10,46,420,1,'2025-06-23 21:18:29','2025-06-30 21:52:23','Lunes','2025-06-23','Cena'),(4,6,'Tortilla española',300,20,12,40,150,1,'2025-06-23 22:31:48','2025-06-23 22:31:48','Martes','2025-06-24','Desayuno'),(5,8,'Pollo al curry con arroz integral y vegetales 2',401,41,26,61,601,1,'2025-06-26 15:25:53','2025-06-26 15:26:21','Martes','2025-06-24','Cena'),(6,37,'Pollo a la parrilla con ensalada',400,40,20,20,540,1,'2025-06-27 17:54:13','2025-06-27 18:38:17','Lunes','2025-06-30','Almuerzo');
/*!40000 ALTER TABLE `userDailyIntake` ENABLE KEYS */;
UNLOCK TABLES;

--
-- Table structure for table `userDailyMeal`
--

DROP TABLE IF EXISTS `userDailyMeal`;
/*!40101 SET @saved_cs_client     = @@character_set_client */;
/*!50503 SET character_set_client = utf8mb4 */;
CREATE TABLE `userDailyMeal` (
  `id` int unsigned NOT NULL AUTO_INCREMENT,
  `day` varchar(255) NOT NULL,
  `date` date DEFAULT NULL,
  `meal` varchar(255) NOT NULL,
  `userMealProgressId` int unsigned NOT NULL,
  `recommendedMeal` varchar(255) NOT NULL,
  `targetPortion` float NOT NULL,
  `targetProtein` float NOT NULL,
  `targetFat` float NOT NULL,
  `targetCarbs` float NOT NULL,
  `targetEnergy` float NOT NULL,
  `consumed` tinyint(1) NOT NULL,
  `createdAt` datetime NOT NULL,
  `updatedAt` datetime NOT NULL,
  PRIMARY KEY (`id`),
  UNIQUE KEY `user_daily_meal_user_meal_progress_id_date_meal` (`userMealProgressId`,`date`,`meal`),
  CONSTRAINT `userDailyMeal_ibfk_1` FOREIGN KEY (`userMealProgressId`) REFERENCES `userMealProgress` (`id`) ON DELETE CASCADE ON UPDATE CASCADE
) ENGINE=InnoDB AUTO_INCREMENT=71 DEFAULT CHARSET=utf8mb4 COLLATE=utf8mb4_0900_ai_ci;
/*!40101 SET character_set_client = @saved_cs_client */;

--
-- Dumping data for table `userDailyMeal`
--

LOCK TABLES `userDailyMeal` WRITE;
/*!40000 ALTER TABLE `userDailyMeal` DISABLE KEYS */;
INSERT INTO `userDailyMeal` VALUES (1,'Lunes','2025-06-23','Desayuno',1,'Avena con frutas y nueces',300,30,15,60,450,1,'2025-06-18 20:52:53','2025-06-25 14:25:17'),(2,'Lunes','2025-06-23','Almuerzo',1,'Pollo a la parrilla con arroz integral y vegetales',400,50,20,70,600,1,'2025-06-18 20:52:53','2025-06-25 21:41:16'),(3,'Lunes','2025-06-23','Cena',1,'Salmón a la parrilla con quinoa y brócoli',350,40,25,60,550,1,'2025-06-18 20:52:53','2025-06-25 16:22:41'),(4,'Lunes','2025-06-23','Merienda 1',1,'Frutas y almendras',150,10,10,30,200,1,'2025-06-18 20:52:53','2025-06-27 22:49:45'),(5,'Lunes','2025-06-23','Merienda 2',1,'Batido de proteínas con leche de almendras y plátano',250,30,15,40,350,1,'2025-06-18 20:52:53','2025-06-25 21:33:41'),(6,'Martes','2025-06-24','Desayuno',1,'Huevos revueltos con espinacas y aguacate',250,25,20,20,350,0,'2025-06-18 20:52:53','2025-06-18 20:52:53'),(7,'Martes','2025-06-24','Almuerzo',1,'Tacos de pescado con lechuga y tomate',350,35,25,40,500,1,'2025-06-18 20:52:53','2025-06-24 17:55:23'),(8,'Martes','2025-06-24','Cena',1,'Pollo al curry con arroz integral y vegetales',400,40,25,60,600,0,'2025-06-18 20:52:53','2025-06-18 20:52:53'),(9,'Martes','2025-06-24','Merienda 1',1,'Yogur griego con miel y nueces',200,20,15,30,300,1,'2025-06-18 20:52:53','2025-06-26 15:26:26'),(10,'Martes','2025-06-24','Merienda 2',1,'Batido de proteínas con leche de soja y fresa',250,30,15,40,350,0,'2025-06-18 20:52:53','2025-06-24 18:05:14'),(11,'Miércoles','2025-06-18','Desayuno',1,'Avena con plátano y nueces',300,20,15,60,450,0,'2025-06-18 20:52:53','2025-06-25 16:21:58'),(12,'Miércoles','2025-06-18','Almuerzo',1,'Salmón a la parrilla con quinoa y brócoli',350,40,25,60,550,0,'2025-06-18 20:52:53','2025-06-25 16:22:01'),(13,'Miércoles','2025-06-18','Cena',1,'Pollo a la parrilla con arroz integral y vegetales',400,50,20,70,600,0,'2025-06-18 20:52:53','2025-06-18 20:52:53'),(14,'Miércoles','2025-06-18','Merienda 1',1,'Frutas y almendras',150,10,10,30,200,0,'2025-06-18 20:52:53','2025-06-18 20:52:53'),(15,'Miércoles','2025-06-18','Merienda 2',1,'Batido de proteínas con leche de almendras y plátano',250,30,15,40,350,0,'2025-06-18 20:52:53','2025-06-18 20:52:53'),(16,'Jueves','2025-06-19','Desayuno',1,'Huevos revueltos con espinacas y aguacate',250,25,20,20,350,0,'2025-06-18 20:52:53','2025-06-18 20:52:53'),(17,'Jueves','2025-06-19','Almuerzo',1,'Tacos de pescado con lechuga y tomate',350,35,25,40,500,0,'2025-06-18 20:52:53','2025-06-18 20:52:53'),(18,'Jueves','2025-06-19','Cena',1,'Pollo al curry con arroz integral y vegetales',400,40,25,60,600,0,'2025-06-18 20:52:53','2025-06-18 20:52:53'),(19,'Jueves','2025-06-19','Merienda 1',1,'Yogur griego con miel y nueces',200,20,15,30,300,0,'2025-06-18 20:52:53','2025-06-18 20:52:53'),(20,'Jueves','2025-06-19','Merienda 2',1,'Batido de proteínas con leche de soja y fresa',250,30,15,40,350,0,'2025-06-18 20:52:53','2025-06-18 20:52:53'),(21,'Viernes','2025-06-20','Desayuno',1,'Avena con plátano y nueces',300,20,15,60,450,0,'2025-06-18 20:52:53','2025-06-18 20:52:53'),(22,'Viernes','2025-06-20','Almuerzo',1,'Salmón a la parrilla con quinoa y brócoli',350,40,25,60,550,0,'2025-06-18 20:52:54','2025-06-18 20:52:54'),(23,'Viernes','2025-06-20','Cena',1,'Pollo a la parrilla con arroz integral y vegetales',400,50,20,70,600,0,'2025-06-18 20:52:54','2025-06-18 20:52:54'),(24,'Viernes','2025-06-20','Merienda 1',1,'Frutas y almendras',150,10,10,30,200,0,'2025-06-18 20:52:54','2025-06-18 20:52:54'),(25,'Viernes','2025-06-20','Merienda 2',1,'Batido de proteínas con leche de almendras y plátano',250,30,15,40,350,0,'2025-06-18 20:52:54','2025-06-18 20:52:54'),(26,'Sábado','2025-06-21','Desayuno',1,'Huevos revueltos con espinacas y aguacate',250,25,20,20,350,0,'2025-06-18 20:52:54','2025-06-18 20:52:54'),(27,'Sábado','2025-06-21','Almuerzo',1,'Tacos de pescado con lechuga y tomate',350,35,25,40,500,0,'2025-06-18 20:52:54','2025-06-18 20:52:54'),(28,'Sábado','2025-06-21','Cena',1,'Pollo al curry con arroz integral y vegetales',400,40,25,60,600,0,'2025-06-18 20:52:54','2025-06-18 20:52:54'),(29,'Sábado','2025-06-21','Merienda 1',1,'Yogur griego con miel y nueces',200,20,15,30,300,0,'2025-06-18 20:52:54','2025-06-18 20:52:54'),(30,'Sábado','2025-06-21','Merienda 2',1,'Batido de proteínas con leche de soja y fresa',250,30,15,40,350,0,'2025-06-18 20:52:54','2025-06-18 20:52:54'),(31,'Domingo','2025-06-22','Desayuno',1,'Avena con plátano y nueces',300,20,15,60,450,0,'2025-06-18 20:52:54','2025-06-18 20:52:54'),(32,'Domingo','2025-06-22','Almuerzo',1,'Salmón a la parrilla con quinoa y brócoli',350,40,25,60,550,0,'2025-06-18 20:52:54','2025-06-18 20:52:54'),(33,'Domingo','2025-06-22','Cena',1,'Pollo a la parrilla con arroz integral y vegetales',400,50,20,70,600,0,'2025-06-18 20:52:54','2025-06-18 20:52:54'),(34,'Domingo','2025-06-22','Merienda 1',1,'Frutas y almendras',150,10,10,30,200,0,'2025-06-18 20:52:54','2025-06-18 20:52:54'),(35,'Domingo','2025-06-22','Merienda 2',1,'Batido de proteínas con leche de almendras y plátano',250,30,15,40,350,0,'2025-06-18 20:52:54','2025-06-18 20:52:54'),(36,'Lunes','2025-06-30','Desayuno',2,'Avena con frutas y nueces',300,25,15,40,420,0,'2025-06-27 14:25:36','2025-06-27 18:37:26'),(37,'Lunes','2025-06-30','Almuerzo',2,'Pollo a la parrilla con ensalada',400,40,20,20,520,1,'2025-06-27 14:25:36','2025-06-27 17:53:43'),(38,'Lunes','2025-06-30','Cena',2,'Salmón al horno con quinoa y brócoli',350,35,25,30,500,0,'2025-06-27 14:25:36','2025-06-27 18:37:22'),(39,'Lunes','2025-06-30','Merienda',2,'Frutas con almendras',200,10,15,30,250,0,'2025-06-27 14:25:36','2025-06-27 18:37:21'),(40,'Lunes','2025-06-30','Merienda nocturna',2,'Yogur griego con miel',250,20,10,30,220,0,'2025-06-27 14:25:36','2025-06-27 18:37:18'),(41,'Martes','2025-07-01','Desayuno',2,'Huevos revueltos con espinacas y aguacate',250,20,20,10,320,0,'2025-06-27 14:25:36','2025-06-27 14:25:36'),(42,'Martes','2025-07-01','Almuerzo',2,'Tacos de pollo con lechuga y tomate',350,35,25,20,500,0,'2025-06-27 14:25:36','2025-06-27 14:25:36'),(43,'Martes','2025-07-01','Cena',2,'Cerdo al curry con arroz integral y zanahorias',400,30,20,40,550,0,'2025-06-27 14:25:36','2025-06-27 14:25:36'),(44,'Martes','2025-07-01','Merienda',2,'Batido de proteínas con plátano y almendras',250,25,15,30,280,0,'2025-06-27 14:25:36','2025-06-27 14:25:36'),(45,'Martes','2025-07-01','Merienda nocturna',2,'Queso cottage con frutas',200,20,10,10,200,0,'2025-06-27 14:25:36','2025-06-27 14:25:36'),(46,'Miércoles','2025-07-02','Desayuno',2,'Tortilla de espinacas con aguacate y tomate',250,20,20,10,320,0,'2025-06-27 14:25:36','2025-06-27 14:25:36'),(47,'Miércoles','2025-07-02','Almuerzo',2,'Ensalada de atún con lechuga, tomate y aguacate',350,35,25,10,450,0,'2025-06-27 14:25:36','2025-06-27 14:25:36'),(48,'Miércoles','2025-07-02','Cena',2,'Pollo al horno con puré de calabaza y brócoli',400,35,20,30,520,0,'2025-06-27 14:25:36','2025-06-27 14:25:36'),(49,'Miércoles','2025-07-02','Merienda',2,'Yogur griego con frutas y granola',250,20,15,30,280,0,'2025-06-27 14:25:36','2025-06-27 14:25:36'),(50,'Miércoles','2025-07-02','Merienda nocturna',2,'Huevos duros con aguacate',200,15,15,10,220,0,'2025-06-27 14:25:36','2025-06-27 14:25:36'),(51,'Jueves','2025-07-03','Desayuno',2,'Avena con frutas y nueces',300,20,15,40,420,0,'2025-06-27 14:25:36','2025-06-27 14:25:36'),(52,'Jueves','2025-07-03','Almuerzo',2,'Tacos de carne con lechuga, tomate y aguacate',350,35,25,20,520,0,'2025-06-27 14:25:36','2025-06-27 14:25:36'),(53,'Jueves','2025-07-03','Cena',2,'Salmón al horno con quinoa y brócoli',350,35,25,30,500,0,'2025-06-27 14:25:36','2025-06-27 14:25:36'),(54,'Jueves','2025-07-03','Merienda',2,'Frutas con almendras',200,10,15,30,250,0,'2025-06-27 14:25:36','2025-06-27 14:25:36'),(55,'Jueves','2025-07-03','Merienda nocturna',2,'Yogur griego con miel',250,20,10,30,220,0,'2025-06-27 14:25:36','2025-06-27 14:25:36'),(56,'Viernes','2025-06-27','Desayuno',2,'Huevos revueltos con espinacas y aguacate',250,20,20,10,320,0,'2025-06-27 14:25:36','2025-06-27 14:25:36'),(57,'Viernes','2025-06-27','Almuerzo',2,'Pollo a la parrilla con ensalada',400,40,20,20,520,0,'2025-06-27 14:25:36','2025-06-27 14:25:36'),(58,'Viernes','2025-06-27','Cena',2,'Cerdo al curry con arroz integral y zanahorias',400,30,20,40,550,0,'2025-06-27 14:25:36','2025-06-27 14:25:36'),(59,'Viernes','2025-06-27','Merienda',2,'Batido de proteínas con plátano y almendras',250,25,15,30,280,0,'2025-06-27 14:25:36','2025-06-27 14:25:36'),(60,'Viernes','2025-06-27','Merienda nocturna',2,'Queso cottage con frutas',200,20,10,10,200,0,'2025-06-27 14:25:36','2025-06-27 14:25:36'),(61,'Sábado','2025-06-28','Desayuno',2,'Tortilla de espinacas con aguacate y tomate',250,20,20,10,320,0,'2025-06-27 14:25:36','2025-06-27 14:25:36'),(62,'Sábado','2025-06-28','Almuerzo',2,'Ensalada de atún con lechuga, tomate y aguacate',350,35,25,10,450,0,'2025-06-27 14:25:36','2025-06-27 14:25:36'),(63,'Sábado','2025-06-28','Cena',2,'Pollo al horno con puré de calabaza y brócoli',400,35,20,30,520,0,'2025-06-27 14:25:36','2025-06-27 14:25:36'),(64,'Sábado','2025-06-28','Merienda',2,'Yogur griego con frutas y granola',250,20,15,30,280,0,'2025-06-27 14:25:36','2025-06-27 14:25:36'),(65,'Sábado','2025-06-28','Merienda nocturna',2,'Huevos duros con aguacate',200,15,15,10,220,0,'2025-06-27 14:25:36','2025-06-27 14:25:36'),(66,'Domingo','2025-06-29','Desayuno',2,'Avena con frutas y nueces',300,20,15,40,420,0,'2025-06-27 14:25:36','2025-06-27 14:25:36'),(67,'Domingo','2025-06-29','Almuerzo',2,'Tacos de carne con lechuga, tomate y aguacate',350,35,25,20,520,0,'2025-06-27 14:25:36','2025-06-27 14:25:36'),(68,'Domingo','2025-06-29','Cena',2,'Salmón al horno con quinoa y brócoli',350,35,25,30,500,0,'2025-06-27 14:25:36','2025-06-27 14:25:36'),(69,'Domingo','2025-06-29','Merienda',2,'Frutas con almendras',200,10,15,30,250,0,'2025-06-27 14:25:36','2025-06-27 14:25:36'),(70,'Domingo','2025-06-29','Merienda nocturna',2,'Yogur griego con miel',250,20,10,30,220,0,'2025-06-27 14:25:36','2025-06-27 14:25:36');
/*!40000 ALTER TABLE `userDailyMeal` ENABLE KEYS */;
UNLOCK TABLES;

--
-- Table structure for table `userMealProgress`
--

DROP TABLE IF EXISTS `userMealProgress`;
/*!40101 SET @saved_cs_client     = @@character_set_client */;
/*!50503 SET character_set_client = utf8mb4 */;
CREATE TABLE `userMealProgress` (
  `id` int unsigned NOT NULL AUTO_INCREMENT,
  `userId` int unsigned NOT NULL,
  `openAIResponseId` int unsigned NOT NULL,
  `language` varchar(255) DEFAULT NULL,
  `unitSystem` varchar(255) DEFAULT NULL,
  `portionUnit` varchar(255) DEFAULT NULL,
  `macroProteinUnit` varchar(255) DEFAULT NULL,
  `macroCarbsUnit` varchar(255) DEFAULT NULL,
  `macroFatUnit` varchar(255) DEFAULT NULL,
  `macroEnergyUnit` varchar(255) DEFAULT NULL,
  `dailyCalorieTarget` float DEFAULT NULL,
  `ratioProtein` float DEFAULT NULL,
  `ratioCarbs` float DEFAULT NULL,
  `ratioFat` float DEFAULT NULL,
  `createdAt` datetime NOT NULL,
  `updatedAt` datetime NOT NULL,
  PRIMARY KEY (`id`),
  KEY `userId` (`userId`),
  KEY `openAIResponseId` (`openAIResponseId`),
  CONSTRAINT `userMealProgress_ibfk_3` FOREIGN KEY (`userId`) REFERENCES `user` (`id`) ON DELETE CASCADE ON UPDATE CASCADE,
  CONSTRAINT `userMealProgress_ibfk_4` FOREIGN KEY (`openAIResponseId`) REFERENCES `openai_response` (`id`) ON DELETE CASCADE ON UPDATE CASCADE
) ENGINE=InnoDB AUTO_INCREMENT=3 DEFAULT CHARSET=utf8mb4 COLLATE=utf8mb4_0900_ai_ci;
/*!40101 SET character_set_client = @saved_cs_client */;

--
-- Dumping data for table `userMealProgress`
--

LOCK TABLES `userMealProgress` WRITE;
/*!40000 ALTER TABLE `userMealProgress` DISABLE KEYS */;
INSERT INTO `userMealProgress` VALUES (1,1,12,NULL,'metric','g','g','g','g','kcal',2500,0.35,0.45,0.2,'2025-06-18 20:52:53','2025-06-18 20:52:53'),(2,2,13,NULL,'metric','g','g','g','g','kcal',2500,0.35,0.4,0.25,'2025-06-27 14:25:36','2025-06-27 14:25:36');
/*!40000 ALTER TABLE `userMealProgress` ENABLE KEYS */;
UNLOCK TABLES;

--
-- Table structure for table `user_prompt`
--

DROP TABLE IF EXISTS `user_prompt`;
/*!40101 SET @saved_cs_client     = @@character_set_client */;
/*!50503 SET character_set_client = utf8mb4 */;
CREATE TABLE `user_prompt` (
  `id` int unsigned NOT NULL AUTO_INCREMENT,
  `language` varchar(255) NOT NULL,
  `unitSystem` enum('metric','imperial') NOT NULL,
  `weight` float NOT NULL,
  `height` float NOT NULL,
  `age` int NOT NULL,
  `waist` float NOT NULL,
  `neck` float NOT NULL,
  `hip` float DEFAULT NULL,
  `gender` enum('male','female') NOT NULL,
  `objective` varchar(255) NOT NULL,
  `restriction` varchar(255) DEFAULT NULL,
  `preference` varchar(255) DEFAULT NULL,
  `extras` text,
  `userId` int unsigned NOT NULL,
  `createdAt` datetime NOT NULL,
  `updatedAt` datetime NOT NULL,
  PRIMARY KEY (`id`),
  KEY `userId` (`userId`),
  CONSTRAINT `user_prompt_ibfk_1` FOREIGN KEY (`userId`) REFERENCES `user` (`id`) ON DELETE CASCADE ON UPDATE CASCADE
) ENGINE=InnoDB AUTO_INCREMENT=18 DEFAULT CHARSET=utf8mb4 COLLATE=utf8mb4_0900_ai_ci;
/*!40101 SET character_set_client = @saved_cs_client */;

--
-- Dumping data for table `user_prompt`
--

LOCK TABLES `user_prompt` WRITE;
/*!40000 ALTER TABLE `user_prompt` DISABLE KEYS */;
INSERT INTO `user_prompt` VALUES (1,'es','metric',50,40,25,60,40,NULL,'male','gain-muscle','gluten-free','high-protein','Comer rico',1,'2025-06-13 21:58:17','2025-06-13 21:58:17'),(2,'es','metric',50,40,25,60,40,NULL,'male','gain-muscle','gluten-free','high-protein','Comer rico',1,'2025-06-13 22:00:46','2025-06-13 22:00:46'),(5,'es','metric',50,40,25,60,40,NULL,'male','gain-muscle','gluten-free','high-protein','Comer rico',1,'2025-06-13 22:36:34','2025-06-13 22:36:34'),(8,'es','metric',50,40,25,60,40,NULL,'male','gain-muscle','gluten-free','high-protein','Comer rico',1,'2025-06-17 18:09:04','2025-06-17 18:09:04'),(9,'es','metric',50,40,25,60,40,NULL,'male','gain-muscle','gluten-free','high-protein','Comer rico',1,'2025-06-17 21:46:51','2025-06-17 21:46:51'),(10,'es','metric',50,40,25,60,40,NULL,'male','gain-muscle','gluten-free','high-protein','Comer rico',1,'2025-06-17 21:51:43','2025-06-17 21:51:43'),(11,'es','metric',50,40,25,60,40,NULL,'male','gain-muscle','gluten-free','high-protein','Comer rico',1,'2025-06-18 15:15:16','2025-06-18 15:15:16'),(12,'es','metric',50,40,25,60,40,NULL,'male','gain-muscle','gluten-free','high-protein','Comer rico',1,'2025-06-18 15:25:48','2025-06-18 15:25:48'),(13,'es','metric',50,40,25,60,40,NULL,'male','gain-muscle','gluten-free','high-protein','Comer rico',1,'2025-06-18 16:25:46','2025-06-18 16:25:46'),(14,'es','metric',50,40,25,60,40,NULL,'male','gain-muscle','gluten-free','high-protein','Comer rico',1,'2025-06-18 16:27:14','2025-06-18 16:27:14'),(15,'es','metric',50,40,25,60,40,NULL,'male','gain-muscle','gluten-free','high-protein','Comer rico',1,'2025-06-18 16:29:09','2025-06-18 16:29:09'),(16,'es','metric',50,40,25,60,40,NULL,'male','gain-muscle','gluten-free','high-protein','Comer rico',1,'2025-06-18 20:52:53','2025-06-18 20:52:53'),(17,'es','metric',70,180,25,95,45,NULL,'male','lose-fat','gluten-free','high-protein','Deliciosa comida',2,'2025-06-27 14:25:36','2025-06-27 14:25:36');
/*!40000 ALTER TABLE `user_prompt` ENABLE KEYS */;
UNLOCK TABLES;
/*!40103 SET TIME_ZONE=@OLD_TIME_ZONE */;

/*!40101 SET SQL_MODE=@OLD_SQL_MODE */;
/*!40014 SET FOREIGN_KEY_CHECKS=@OLD_FOREIGN_KEY_CHECKS */;
/*!40014 SET UNIQUE_CHECKS=@OLD_UNIQUE_CHECKS */;
/*!40101 SET CHARACTER_SET_CLIENT=@OLD_CHARACTER_SET_CLIENT */;
/*!40101 SET CHARACTER_SET_RESULTS=@OLD_CHARACTER_SET_RESULTS */;
/*!40101 SET COLLATION_CONNECTION=@OLD_COLLATION_CONNECTION */;
/*!40111 SET SQL_NOTES=@OLD_SQL_NOTES */;

-- Dump completed on 2025-07-02 17:40:16
